  [1m[35m (1.5ms)[0m  [1m[35mCREATE DATABASE "backend_development" ENCODING = 'unicode'[0m
  [1m[35m (0.2ms)[0m  [1m[35mCREATE DATABASE "backend_test" ENCODING = 'unicode'[0m
  [1m[36mActiveRecord::SchemaMigration Load (5.8ms)[0m  [1m[34mSELECT "schema_migrations"."version" FROM "schema_migrations" ORDER BY "schema_migrations"."version" ASC[0m
  [1m[36mActiveRecord::SchemaMigration Load (0.2ms)[0m  [1m[34mSELECT "schema_migrations"."version" FROM "schema_migrations" ORDER BY "schema_migrations"."version" ASC[0m
  [1m[35m (0.5ms)[0m  [1m[34mSELECT pg_try_advisory_lock(5073945470573576205)[0m
  [1m[36mActiveRecord::SchemaMigration Load (0.5ms)[0m  [1m[34mSELECT "schema_migrations"."version" FROM "schema_migrations" ORDER BY "schema_migrations"."version" ASC[0m
  [1m[36mActiveRecord::InternalMetadata Load (6.3ms)[0m  [1m[34mSELECT * FROM "ar_internal_metadata" WHERE "ar_internal_metadata"."key" = $1 ORDER BY "ar_internal_metadata"."key" ASC LIMIT 1[0m  [[nil, "environment"]]
  [1m[36mActiveRecord::InternalMetadata Create (4.2ms)[0m  [1m[32mINSERT INTO "ar_internal_metadata" ("key", "value", "created_at", "updated_at") VALUES ('environment', 'development', '2026-06-06 06:18:58.822471', '2026-06-06 06:18:58.822473') RETURNING "key"[0m
Migrating to CreatePlayerStats (20260603000000)
  [1m[36mTRANSACTION (0.1ms)[0m  [1m[35mBEGIN[0m
  [1m[35m (24.7ms)[0m  [1m[35mCREATE TABLE "player_stats" ("id" bigserial primary key, "player_id" character varying NOT NULL, "source_url" character varying NOT NULL, "row_number" integer NOT NULL, "stats_data" jsonb DEFAULT '{}' NOT NULL, "created_at" timestamp(6) NOT NULL, "updated_at" timestamp(6) NOT NULL)[0m
  [1m[35m (1.0ms)[0m  [1m[35mCREATE INDEX "index_player_stats_on_player_id_and_source_url" ON "player_stats" ("player_id", "source_url")[0m
  [1m[35m (0.8ms)[0m  [1m[35mCREATE UNIQUE INDEX "index_player_stats_on_player_id_and_source_url_and_row_number" ON "player_stats" ("player_id", "source_url", "row_number")[0m
  [1m[36mActiveRecord::SchemaMigration Create (0.4ms)[0m  [1m[32mINSERT INTO "schema_migrations" ("version") VALUES ('20260603000000') RETURNING "version"[0m
  [1m[36mTRANSACTION (0.3ms)[0m  [1m[35mCOMMIT[0m
Migrating to CreateTeams (20260603001000)
  [1m[36mTRANSACTION (0.2ms)[0m  [1m[35mBEGIN[0m
  [1m[35m (2.3ms)[0m  [1m[35mCREATE TABLE "teams" ("id" bigserial primary key, "mlb_id" integer NOT NULL, "name" character varying NOT NULL, "abbreviation" character varying NOT NULL, "team_name" character varying NOT NULL, "location_name" character varying NOT NULL, "short_name" character varying NOT NULL, "team_code" character varying NOT NULL, "file_code" character varying NOT NULL, "created_at" timestamp(6) NOT NULL, "updated_at" timestamp(6) NOT NULL)[0m
  [1m[35m (0.3ms)[0m  [1m[35mCREATE UNIQUE INDEX "index_teams_on_mlb_id" ON "teams" ("mlb_id")[0m
  [1m[36mActiveRecord::SchemaMigration Create (0.1ms)[0m  [1m[32mINSERT INTO "schema_migrations" ("version") VALUES ('20260603001000') RETURNING "version"[0m
  [1m[36mTRANSACTION (0.1ms)[0m  [1m[35mCOMMIT[0m
Migrating to CreatePlayers (20260603002000)
  [1m[36mTRANSACTION (0.1ms)[0m  [1m[35mBEGIN[0m
  [1m[35m (9.2ms)[0m  [1m[35mCREATE TABLE "players" ("id" bigserial primary key, "mlb_id" integer NOT NULL, "first_name" character varying NOT NULL, "last_name" character varying NOT NULL, "team_id" bigint NOT NULL, "created_at" timestamp(6) NOT NULL, "updated_at" timestamp(6) NOT NULL, CONSTRAINT "fk_rails_8880a915a5"
FOREIGN KEY ("team_id")
  REFERENCES "teams" ("id")
)[0m
  [1m[35m (0.4ms)[0m  [1m[35mCREATE INDEX "index_players_on_team_id" ON "players" ("team_id")[0m
  [1m[35m (0.4ms)[0m  [1m[35mCREATE UNIQUE INDEX "index_players_on_mlb_id" ON "players" ("mlb_id")[0m
  [1m[36mActiveRecord::SchemaMigration Create (0.1ms)[0m  [1m[32mINSERT INTO "schema_migrations" ("version") VALUES ('20260603002000') RETURNING "version"[0m
  [1m[36mTRANSACTION (0.2ms)[0m  [1m[35mCOMMIT[0m
Migrating to CreateStatTypes (20260603003000)
  [1m[36mTRANSACTION (0.6ms)[0m  [1m[35mBEGIN[0m
  [1m[35m (2.7ms)[0m  [1m[35mCREATE TABLE "stat_types" ("id" bigserial primary key, "name" character varying NOT NULL, "label" character varying NOT NULL, "category" character varying NOT NULL, "created_at" timestamp(6) NOT NULL, "updated_at" timestamp(6) NOT NULL)[0m
  [1m[35m (0.4ms)[0m  [1m[35mCREATE UNIQUE INDEX "index_stat_types_on_name" ON "stat_types" ("name")[0m
  [1m[36mActiveRecord::SchemaMigration Create (0.1ms)[0m  [1m[32mINSERT INTO "schema_migrations" ("version") VALUES ('20260603003000') RETURNING "version"[0m
  [1m[36mTRANSACTION (0.2ms)[0m  [1m[35mCOMMIT[0m
Migrating to CreatePlayerSeasonStats (20260606000000)
  [1m[36mTRANSACTION (0.1ms)[0m  [1m[35mBEGIN[0m
  [1m[35m (3.0ms)[0m  [1m[35mCREATE TABLE "player_season_stats" ("id" bigserial primary key, "player_id" bigint NOT NULL, "stat_type_id" bigint NOT NULL, "season" integer NOT NULL, "value" decimal(12,4) NOT NULL, "created_at" timestamp(6) NOT NULL, "updated_at" timestamp(6) NOT NULL, CONSTRAINT "fk_rails_5ae6203726"
FOREIGN KEY ("player_id")
  REFERENCES "players" ("id")
, CONSTRAINT "fk_rails_357bdaf1f0"
FOREIGN KEY ("stat_type_id")
  REFERENCES "stat_types" ("id")
)[0m
  [1m[35m (0.5ms)[0m  [1m[35mCREATE INDEX "index_player_season_stats_on_player_id" ON "player_season_stats" ("player_id")[0m
  [1m[35m (0.3ms)[0m  [1m[35mCREATE INDEX "index_player_season_stats_on_stat_type_id" ON "player_season_stats" ("stat_type_id")[0m
  [1m[35m (0.4ms)[0m  [1m[35mCREATE UNIQUE INDEX "idx_on_player_id_stat_type_id_season_58662b691e" ON "player_season_stats" ("player_id", "stat_type_id", "season")[0m
  [1m[36mActiveRecord::SchemaMigration Create (0.2ms)[0m  [1m[32mINSERT INTO "schema_migrations" ("version") VALUES ('20260606000000') RETURNING "version"[0m
  [1m[36mTRANSACTION (0.3ms)[0m  [1m[35mCOMMIT[0m
  [1m[35m (0.2ms)[0m  [1m[34mSELECT pg_advisory_unlock(5073945470573576205)[0m
  [1m[36mActiveRecord::SchemaMigration Load (0.1ms)[0m  [1m[34mSELECT "schema_migrations"."version" FROM "schema_migrations" ORDER BY "schema_migrations"."version" ASC[0m
  [1m[36mTRANSACTION (0.1ms)[0m  [1m[35mBEGIN[0m
  ↳ (eval):1:in `block (2 levels) in run_file'
  [1m[36mTRANSACTION (0.0ms)[0m  [1m[31mROLLBACK[0m
  [1m[36mTRANSACTION (0.1ms)[0m  [1m[35mBEGIN[0m
  ↳ (eval):1:in `block (2 levels) in run_file'
  [1m[36mStatType Load (0.8ms)[0m  [1m[34mSELECT "stat_types".* FROM "stat_types" WHERE "stat_types"."category" = $1 AND "stat_types"."name" = $2 LIMIT $3[0m  [["category", "pitching"], ["name", "W"], ["LIMIT", 1]]
  ↳ (eval):1:in `block (2 levels) in run_file'
  [1m[36mStatType Create (1.7ms)[0m  [1m[32mINSERT INTO "stat_types" ("name", "label", "category", "created_at", "updated_at") VALUES ($1, $2, $3, $4, $5) RETURNING "id"[0m  [["name", "W"], ["label", "W"], ["category", "pitching"], ["created_at", "2026-06-06 06:23:33.452623"], ["updated_at", "2026-06-06 06:23:33.452623"]]
  ↳ (eval):1:in `block (2 levels) in run_file'
  [1m[36mStatType Load (0.1ms)[0m  [1m[34mSELECT "stat_types".* FROM "stat_types" WHERE "stat_types"."category" = $1 AND "stat_types"."name" = $2 LIMIT $3[0m  [["category", "pitching"], ["name", "L"], ["LIMIT", 1]]
  ↳ (eval):1:in `block (2 levels) in run_file'
  [1m[36mStatType Create (0.1ms)[0m  [1m[32mINSERT INTO "stat_types" ("name", "label", "category", "created_at", "updated_at") VALUES ($1, $2, $3, $4, $5) RETURNING "id"[0m  [["name", "L"], ["label", "L"], ["category", "pitching"], ["created_at", "2026-06-06 06:23:33.455261"], ["updated_at", "2026-06-06 06:23:33.455261"]]
  ↳ (eval):1:in `block (2 levels) in run_file'
  [1m[36mStatType Load (0.1ms)[0m  [1m[34mSELECT "stat_types".* FROM "stat_types" WHERE "stat_types"."category" = $1 AND "stat_types"."name" = $2 LIMIT $3[0m  [["category", "pitching"], ["name", "SV"], ["LIMIT", 1]]
  ↳ (eval):1:in `block (2 levels) in run_file'
  [1m[36mStatType Create (0.1ms)[0m  [1m[32mINSERT INTO "stat_types" ("name", "label", "category", "created_at", "updated_at") VALUES ($1, $2, $3, $4, $5) RETURNING "id"[0m  [["name", "SV"], ["label", "SV"], ["category", "pitching"], ["created_at", "2026-06-06 06:23:33.455992"], ["updated_at", "2026-06-06 06:23:33.455992"]]
  ↳ (eval):1:in `block (2 levels) in run_file'
  [1m[36mStatType Load (0.1ms)[0m  [1m[34mSELECT "stat_types".* FROM "stat_types" WHERE "stat_types"."category" = $1 AND "stat_types"."name" = $2 LIMIT $3[0m  [["category", "pitching"], ["name", "IP"], ["LIMIT", 1]]
  ↳ (eval):1:in `block (2 levels) in run_file'
  [1m[36mStatType Create (0.1ms)[0m  [1m[32mINSERT INTO "stat_types" ("name", "label", "category", "created_at", "updated_at") VALUES ($1, $2, $3, $4, $5) RETURNING "id"[0m  [["name", "IP"], ["label", "IP"], ["category", "pitching"], ["created_at", "2026-06-06 06:23:33.456573"], ["updated_at", "2026-06-06 06:23:33.456573"]]
  ↳ (eval):1:in `block (2 levels) in run_file'
  [1m[36mStatType Load (0.1ms)[0m  [1m[34mSELECT "stat_types".* FROM "stat_types" WHERE "stat_types"."category" = $1 AND "stat_types"."name" = $2 LIMIT $3[0m  [["category", "pitching"], ["name", "SO"], ["LIMIT", 1]]
  ↳ (eval):1:in `block (2 levels) in run_file'
  [1m[36mStatType Create (0.1ms)[0m  [1m[32mINSERT INTO "stat_types" ("name", "label", "category", "created_at", "updated_at") VALUES ($1, $2, $3, $4, $5) RETURNING "id"[0m  [["name", "SO"], ["label", "SO"], ["category", "pitching"], ["created_at", "2026-06-06 06:23:33.457127"], ["updated_at", "2026-06-06 06:23:33.457127"]]
  ↳ (eval):1:in `block (2 levels) in run_file'
  [1m[36mStatType Load (0.1ms)[0m  [1m[34mSELECT "stat_types".* FROM "stat_types" WHERE "stat_types"."category" = $1 AND "stat_types"."name" = $2 LIMIT $3[0m  [["category", "pitching"], ["name", "TBF"], ["LIMIT", 1]]
  ↳ (eval):1:in `block (2 levels) in run_file'
  [1m[36mStatType Create (0.1ms)[0m  [1m[32mINSERT INTO "stat_types" ("name", "label", "category", "created_at", "updated_at") VALUES ($1, $2, $3, $4, $5) RETURNING "id"[0m  [["name", "TBF"], ["label", "TBF"], ["category", "pitching"], ["created_at", "2026-06-06 06:23:33.457758"], ["updated_at", "2026-06-06 06:23:33.457758"]]
  ↳ (eval):1:in `block (2 levels) in run_file'
  [1m[36mStatType Load (0.0ms)[0m  [1m[34mSELECT "stat_types".* FROM "stat_types" WHERE "stat_types"."category" = $1 AND "stat_types"."name" = $2 LIMIT $3[0m  [["category", "pitching"], ["name", "AVG"], ["LIMIT", 1]]
  ↳ (eval):1:in `block (2 levels) in run_file'
  [1m[36mStatType Create (0.1ms)[0m  [1m[32mINSERT INTO "stat_types" ("name", "label", "category", "created_at", "updated_at") VALUES ($1, $2, $3, $4, $5) RETURNING "id"[0m  [["name", "AVG"], ["label", "AVG"], ["category", "pitching"], ["created_at", "2026-06-06 06:23:33.458385"], ["updated_at", "2026-06-06 06:23:33.458385"]]
  ↳ (eval):1:in `block (2 levels) in run_file'
  [1m[36mStatType Load (0.0ms)[0m  [1m[34mSELECT "stat_types".* FROM "stat_types" WHERE "stat_types"."category" = $1 AND "stat_types"."name" = $2 LIMIT $3[0m  [["category", "pitching"], ["name", "K/9"], ["LIMIT", 1]]
  ↳ (eval):1:in `block (2 levels) in run_file'
  [1m[36mStatType Create (0.1ms)[0m  [1m[32mINSERT INTO "stat_types" ("name", "label", "category", "created_at", "updated_at") VALUES ($1, $2, $3, $4, $5) RETURNING "id"[0m  [["name", "K/9"], ["label", "K/9"], ["category", "pitching"], ["created_at", "2026-06-06 06:23:33.459114"], ["updated_at", "2026-06-06 06:23:33.459114"]]
  ↳ (eval):1:in `block (2 levels) in run_file'
  [1m[36mStatType Load (0.1ms)[0m  [1m[34mSELECT "stat_types".* FROM "stat_types" WHERE "stat_types"."category" = $1 AND "stat_types"."name" = $2 LIMIT $3[0m  [["category", "pitching"], ["name", "BB/9"], ["LIMIT", 1]]
  ↳ (eval):1:in `block (2 levels) in run_file'
  [1m[36mStatType Create (0.1ms)[0m  [1m[32mINSERT INTO "stat_types" ("name", "label", "category", "created_at", "updated_at") VALUES ($1, $2, $3, $4, $5) RETURNING "id"[0m  [["name", "BB/9"], ["label", "BB/9"], ["category", "pitching"], ["created_at", "2026-06-06 06:23:33.459898"], ["updated_at", "2026-06-06 06:23:33.459898"]]
  ↳ (eval):1:in `block (2 levels) in run_file'
  [1m[36mStatType Load (0.0ms)[0m  [1m[34mSELECT "stat_types".* FROM "stat_types" WHERE "stat_types"."category" = $1 AND "stat_types"."name" = $2 LIMIT $3[0m  [["category", "pitching"], ["name", "K/BB"], ["LIMIT", 1]]
  ↳ (eval):1:in `block (2 levels) in run_file'
  [1m[36mStatType Create (0.1ms)[0m  [1m[32mINSERT INTO "stat_types" ("name", "label", "category", "created_at", "updated_at") VALUES ($1, $2, $3, $4, $5) RETURNING "id"[0m  [["name", "K/BB"], ["label", "K/BB"], ["category", "pitching"], ["created_at", "2026-06-06 06:23:33.460584"], ["updated_at", "2026-06-06 06:23:33.460584"]]
  ↳ (eval):1:in `block (2 levels) in run_file'
  [1m[36mStatType Load (0.0ms)[0m  [1m[34mSELECT "stat_types".* FROM "stat_types" WHERE "stat_types"."category" = $1 AND "stat_types"."name" = $2 LIMIT $3[0m  [["category", "pitching"], ["name", "HR/9"], ["LIMIT", 1]]
  ↳ (eval):1:in `block (2 levels) in run_file'
  [1m[36mStatType Create (0.1ms)[0m  [1m[32mINSERT INTO "stat_types" ("name", "label", "category", "created_at", "updated_at") VALUES ($1, $2, $3, $4, $5) RETURNING "id"[0m  [["name", "HR/9"], ["label", "HR/9"], ["category", "pitching"], ["created_at", "2026-06-06 06:23:33.461142"], ["updated_at", "2026-06-06 06:23:33.461142"]]
  ↳ (eval):1:in `block (2 levels) in run_file'
  [1m[36mStatType Load (0.1ms)[0m  [1m[34mSELECT "stat_types".* FROM "stat_types" WHERE "stat_types"."category" = $1 AND "stat_types"."name" = $2 LIMIT $3[0m  [["category", "pitching"], ["name", "K%"], ["LIMIT", 1]]
  ↳ (eval):1:in `block (2 levels) in run_file'
  [1m[36mStatType Create (0.2ms)[0m  [1m[32mINSERT INTO "stat_types" ("name", "label", "category", "created_at", "updated_at") VALUES ($1, $2, $3, $4, $5) RETURNING "id"[0m  [["name", "K%"], ["label", "K%"], ["category", "pitching"], ["created_at", "2026-06-06 06:23:33.461770"], ["updated_at", "2026-06-06 06:23:33.461770"]]
  ↳ (eval):1:in `block (2 levels) in run_file'
  [1m[36mStatType Load (0.1ms)[0m  [1m[34mSELECT "stat_types".* FROM "stat_types" WHERE "stat_types"."category" = $1 AND "stat_types"."name" = $2 LIMIT $3[0m  [["category", "pitching"], ["name", "BB%"], ["LIMIT", 1]]
  ↳ (eval):1:in `block (2 levels) in run_file'
  [1m[36mStatType Create (0.2ms)[0m  [1m[32mINSERT INTO "stat_types" ("name", "label", "category", "created_at", "updated_at") VALUES ($1, $2, $3, $4, $5) RETURNING "id"[0m  [["name", "BB%"], ["label", "BB%"], ["category", "pitching"], ["created_at", "2026-06-06 06:23:33.462627"], ["updated_at", "2026-06-06 06:23:33.462627"]]
  ↳ (eval):1:in `block (2 levels) in run_file'
  [1m[36mStatType Load (0.1ms)[0m  [1m[34mSELECT "stat_types".* FROM "stat_types" WHERE "stat_types"."category" = $1 AND "stat_types"."name" = $2 LIMIT $3[0m  [["category", "pitching"], ["name", "K-BB%"], ["LIMIT", 1]]
  ↳ (eval):1:in `block (2 levels) in run_file'
  [1m[36mStatType Create (0.1ms)[0m  [1m[32mINSERT INTO "stat_types" ("name", "label", "category", "created_at", "updated_at") VALUES ($1, $2, $3, $4, $5) RETURNING "id"[0m  [["name", "K-BB%"], ["label", "K-BB%"], ["category", "pitching"], ["created_at", "2026-06-06 06:23:33.475218"], ["updated_at", "2026-06-06 06:23:33.475218"]]
  ↳ (eval):1:in `block (2 levels) in run_file'
  [1m[36mStatType Load (0.1ms)[0m  [1m[34mSELECT "stat_types".* FROM "stat_types" WHERE "stat_types"."category" = $1 AND "stat_types"."name" = $2 LIMIT $3[0m  [["category", "pitching"], ["name", "WHIP"], ["LIMIT", 1]]
  ↳ (eval):1:in `block (2 levels) in run_file'
  [1m[36mStatType Create (0.1ms)[0m  [1m[32mINSERT INTO "stat_types" ("name", "label", "category", "created_at", "updated_at") VALUES ($1, $2, $3, $4, $5) RETURNING "id"[0m  [["name", "WHIP"], ["label", "WHIP"], ["category", "pitching"], ["created_at", "2026-06-06 06:23:33.475861"], ["updated_at", "2026-06-06 06:23:33.475861"]]
  ↳ (eval):1:in `block (2 levels) in run_file'
  [1m[36mStatType Load (0.0ms)[0m  [1m[34mSELECT "stat_types".* FROM "stat_types" WHERE "stat_types"."category" = $1 AND "stat_types"."name" = $2 LIMIT $3[0m  [["category", "pitching"], ["name", "BABIP"], ["LIMIT", 1]]
  ↳ (eval):1:in `block (2 levels) in run_file'
  [1m[36mStatType Create (0.1ms)[0m  [1m[32mINSERT INTO "stat_types" ("name", "label", "category", "created_at", "updated_at") VALUES ($1, $2, $3, $4, $5) RETURNING "id"[0m  [["name", "BABIP"], ["label", "BABIP"], ["category", "pitching"], ["created_at", "2026-06-06 06:23:33.476522"], ["updated_at", "2026-06-06 06:23:33.476522"]]
  ↳ (eval):1:in `block (2 levels) in run_file'
  [1m[36mStatType Load (0.0ms)[0m  [1m[34mSELECT "stat_types".* FROM "stat_types" WHERE "stat_types"."category" = $1 AND "stat_types"."name" = $2 LIMIT $3[0m  [["category", "pitching"], ["name", "LOB%"], ["LIMIT", 1]]
  ↳ (eval):1:in `block (2 levels) in run_file'
  [1m[36mStatType Create (0.1ms)[0m  [1m[32mINSERT INTO "stat_types" ("name", "label", "category", "created_at", "updated_at") VALUES ($1, $2, $3, $4, $5) RETURNING "id"[0m  [["name", "LOB%"], ["label", "LOB%"], ["category", "pitching"], ["created_at", "2026-06-06 06:23:33.477109"], ["updated_at", "2026-06-06 06:23:33.477109"]]
  ↳ (eval):1:in `block (2 levels) in run_file'
  [1m[36mStatType Load (0.0ms)[0m  [1m[34mSELECT "stat_types".* FROM "stat_types" WHERE "stat_types"."category" = $1 AND "stat_types"."name" = $2 LIMIT $3[0m  [["category", "pitching"], ["name", "xFIP"], ["LIMIT", 1]]
  ↳ (eval):1:in `block (2 levels) in run_file'
  [1m[36mStatType Create (0.1ms)[0m  [1m[32mINSERT INTO "stat_types" ("name", "label", "category", "created_at", "updated_at") VALUES ($1, $2, $3, $4, $5) RETURNING "id"[0m  [["name", "xFIP"], ["label", "xFIP"], ["category", "pitching"], ["created_at", "2026-06-06 06:23:33.477584"], ["updated_at", "2026-06-06 06:23:33.477584"]]
  ↳ (eval):1:in `block (2 levels) in run_file'
  [1m[36mStatType Load (0.0ms)[0m  [1m[34mSELECT "stat_types".* FROM "stat_types" WHERE "stat_types"."category" = $1 AND "stat_types"."name" = $2 LIMIT $3[0m  [["category", "pitching"], ["name", "FIP"], ["LIMIT", 1]]
  ↳ (eval):1:in `block (2 levels) in run_file'
  [1m[36mStatType Create (0.2ms)[0m  [1m[32mINSERT INTO "stat_types" ("name", "label", "category", "created_at", "updated_at") VALUES ($1, $2, $3, $4, $5) RETURNING "id"[0m  [["name", "FIP"], ["label", "FIP"], ["category", "pitching"], ["created_at", "2026-06-06 06:23:33.478191"], ["updated_at", "2026-06-06 06:23:33.478191"]]
  ↳ (eval):1:in `block (2 levels) in run_file'
  [1m[36mStatType Load (0.1ms)[0m  [1m[34mSELECT "stat_types".* FROM "stat_types" WHERE "stat_types"."category" = $1 AND "stat_types"."name" = $2 LIMIT $3[0m  [["category", "pitching"], ["name", "hits"], ["LIMIT", 1]]
  ↳ (eval):1:in `block (2 levels) in run_file'
  [1m[36mStatType Create (0.1ms)[0m  [1m[32mINSERT INTO "stat_types" ("name", "label", "category", "created_at", "updated_at") VALUES ($1, $2, $3, $4, $5) RETURNING "id"[0m  [["name", "hits"], ["label", "H"], ["category", "pitching"], ["created_at", "2026-06-06 06:23:33.478872"], ["updated_at", "2026-06-06 06:23:33.478872"]]
  ↳ (eval):1:in `block (2 levels) in run_file'
  [1m[36mStatType Load (0.0ms)[0m  [1m[34mSELECT "stat_types".* FROM "stat_types" WHERE "stat_types"."category" = $1 AND "stat_types"."name" = $2 LIMIT $3[0m  [["category", "pitching"], ["name", "H"], ["LIMIT", 1]]
  ↳ (eval):1:in `block (2 levels) in run_file'
  [1m[36mStatType Create (0.1ms)[0m  [1m[32mINSERT INTO "stat_types" ("name", "label", "category", "created_at", "updated_at") VALUES ($1, $2, $3, $4, $5) RETURNING "id"[0m  [["name", "H"], ["label", "H"], ["category", "pitching"], ["created_at", "2026-06-06 06:23:33.479476"], ["updated_at", "2026-06-06 06:23:33.479476"]]
  ↳ (eval):1:in `block (2 levels) in run_file'
  [1m[36mStatType Load (0.0ms)[0m  [1m[34mSELECT "stat_types".* FROM "stat_types" WHERE "stat_types"."category" = $1 AND "stat_types"."name" = $2 LIMIT $3[0m  [["category", "pitching"], ["name", "2B"], ["LIMIT", 1]]
  ↳ (eval):1:in `block (2 levels) in run_file'
  [1m[36mStatType Create (0.1ms)[0m  [1m[32mINSERT INTO "stat_types" ("name", "label", "category", "created_at", "updated_at") VALUES ($1, $2, $3, $4, $5) RETURNING "id"[0m  [["name", "2B"], ["label", "2B"], ["category", "pitching"], ["created_at", "2026-06-06 06:23:33.480006"], ["updated_at", "2026-06-06 06:23:33.480006"]]
  ↳ (eval):1:in `block (2 levels) in run_file'
  [1m[36mStatType Load (0.0ms)[0m  [1m[34mSELECT "stat_types".* FROM "stat_types" WHERE "stat_types"."category" = $1 AND "stat_types"."name" = $2 LIMIT $3[0m  [["category", "pitching"], ["name", "3B"], ["LIMIT", 1]]
  ↳ (eval):1:in `block (2 levels) in run_file'
  [1m[36mStatType Create (0.1ms)[0m  [1m[32mINSERT INTO "stat_types" ("name", "label", "category", "created_at", "updated_at") VALUES ($1, $2, $3, $4, $5) RETURNING "id"[0m  [["name", "3B"], ["label", "3B"], ["category", "pitching"], ["created_at", "2026-06-06 06:23:33.480497"], ["updated_at", "2026-06-06 06:23:33.480497"]]
  ↳ (eval):1:in `block (2 levels) in run_file'
  [1m[36mStatType Load (0.0ms)[0m  [1m[34mSELECT "stat_types".* FROM "stat_types" WHERE "stat_types"."category" = $1 AND "stat_types"."name" = $2 LIMIT $3[0m  [["category", "pitching"], ["name", "runs"], ["LIMIT", 1]]
  ↳ (eval):1:in `block (2 levels) in run_file'
  [1m[36mStatType Create (0.1ms)[0m  [1m[32mINSERT INTO "stat_types" ("name", "label", "category", "created_at", "updated_at") VALUES ($1, $2, $3, $4, $5) RETURNING "id"[0m  [["name", "runs"], ["label", "R"], ["category", "pitching"], ["created_at", "2026-06-06 06:23:33.481041"], ["updated_at", "2026-06-06 06:23:33.481041"]]
  ↳ (eval):1:in `block (2 levels) in run_file'
  [1m[36mStatType Load (0.0ms)[0m  [1m[34mSELECT "stat_types".* FROM "stat_types" WHERE "stat_types"."category" = $1 AND "stat_types"."name" = $2 LIMIT $3[0m  [["category", "pitching"], ["name", "R"], ["LIMIT", 1]]
  ↳ (eval):1:in `block (2 levels) in run_file'
  [1m[36mStatType Create (0.1ms)[0m  [1m[32mINSERT INTO "stat_types" ("name", "label", "category", "created_at", "updated_at") VALUES ($1, $2, $3, $4, $5) RETURNING "id"[0m  [["name", "R"], ["label", "R"], ["category", "pitching"], ["created_at", "2026-06-06 06:23:33.481502"], ["updated_at", "2026-06-06 06:23:33.481502"]]
  ↳ (eval):1:in `block (2 levels) in run_file'
  [1m[36mStatType Load (0.0ms)[0m  [1m[34mSELECT "stat_types".* FROM "stat_types" WHERE "stat_types"."category" = $1 AND "stat_types"."name" = $2 LIMIT $3[0m  [["category", "pitching"], ["name", "ER"], ["LIMIT", 1]]
  ↳ (eval):1:in `block (2 levels) in run_file'
  [1m[36mStatType Create (0.1ms)[0m  [1m[32mINSERT INTO "stat_types" ("name", "label", "category", "created_at", "updated_at") VALUES ($1, $2, $3, $4, $5) RETURNING "id"[0m  [["name", "ER"], ["label", "ER"], ["category", "pitching"], ["created_at", "2026-06-06 06:23:33.482025"], ["updated_at", "2026-06-06 06:23:33.482025"]]
  ↳ (eval):1:in `block (2 levels) in run_file'
  [1m[36mStatType Load (0.0ms)[0m  [1m[34mSELECT "stat_types".* FROM "stat_types" WHERE "stat_types"."category" = $1 AND "stat_types"."name" = $2 LIMIT $3[0m  [["category", "pitching"], ["name", "homeRuns"], ["LIMIT", 1]]
  ↳ (eval):1:in `block (2 levels) in run_file'
  [1m[36mStatType Create (0.1ms)[0m  [1m[32mINSERT INTO "stat_types" ("name", "label", "category", "created_at", "updated_at") VALUES ($1, $2, $3, $4, $5) RETURNING "id"[0m  [["name", "homeRuns"], ["label", "HR"], ["category", "pitching"], ["created_at", "2026-06-06 06:23:33.482619"], ["updated_at", "2026-06-06 06:23:33.482619"]]
  ↳ (eval):1:in `block (2 levels) in run_file'
  [1m[36mStatType Load (0.0ms)[0m  [1m[34mSELECT "stat_types".* FROM "stat_types" WHERE "stat_types"."category" = $1 AND "stat_types"."name" = $2 LIMIT $3[0m  [["category", "pitching"], ["name", "HR"], ["LIMIT", 1]]
  ↳ (eval):1:in `block (2 levels) in run_file'
  [1m[36mStatType Create (0.1ms)[0m  [1m[32mINSERT INTO "stat_types" ("name", "label", "category", "created_at", "updated_at") VALUES ($1, $2, $3, $4, $5) RETURNING "id"[0m  [["name", "HR"], ["label", "HR"], ["category", "pitching"], ["created_at", "2026-06-06 06:23:33.483199"], ["updated_at", "2026-06-06 06:23:33.483199"]]
  ↳ (eval):1:in `block (2 levels) in run_file'
  [1m[36mStatType Load (0.1ms)[0m  [1m[34mSELECT "stat_types".* FROM "stat_types" WHERE "stat_types"."category" = $1 AND "stat_types"."name" = $2 LIMIT $3[0m  [["category", "pitching"], ["name", "BB"], ["LIMIT", 1]]
  ↳ (eval):1:in `block (2 levels) in run_file'
  [1m[36mStatType Create (0.1ms)[0m  [1m[32mINSERT INTO "stat_types" ("name", "label", "category", "created_at", "updated_at") VALUES ($1, $2, $3, $4, $5) RETURNING "id"[0m  [["name", "BB"], ["label", "BB"], ["category", "pitching"], ["created_at", "2026-06-06 06:23:33.483777"], ["updated_at", "2026-06-06 06:23:33.483777"]]
  ↳ (eval):1:in `block (2 levels) in run_file'
  [1m[36mStatType Load (0.0ms)[0m  [1m[34mSELECT "stat_types".* FROM "stat_types" WHERE "stat_types"."category" = $1 AND "stat_types"."name" = $2 LIMIT $3[0m  [["category", "pitching"], ["name", "baseOnBalls"], ["LIMIT", 1]]
  ↳ (eval):1:in `block (2 levels) in run_file'
  [1m[36mStatType Create (0.1ms)[0m  [1m[32mINSERT INTO "stat_types" ("name", "label", "category", "created_at", "updated_at") VALUES ($1, $2, $3, $4, $5) RETURNING "id"[0m  [["name", "baseOnBalls"], ["label", "BB"], ["category", "pitching"], ["created_at", "2026-06-06 06:23:33.484334"], ["updated_at", "2026-06-06 06:23:33.484334"]]
  ↳ (eval):1:in `block (2 levels) in run_file'
  [1m[36mStatType Load (0.1ms)[0m  [1m[34mSELECT "stat_types".* FROM "stat_types" WHERE "stat_types"."category" = $1 AND "stat_types"."name" = $2 LIMIT $3[0m  [["category", "pitching"], ["name", "IBB"], ["LIMIT", 1]]
  ↳ (eval):1:in `block (2 levels) in run_file'
  [1m[36mStatType Create (0.3ms)[0m  [1m[32mINSERT INTO "stat_types" ("name", "label", "category", "created_at", "updated_at") VALUES ($1, $2, $3, $4, $5) RETURNING "id"[0m  [["name", "IBB"], ["label", "IBB"], ["category", "pitching"], ["created_at", "2026-06-06 06:23:33.484919"], ["updated_at", "2026-06-06 06:23:33.484919"]]
  ↳ (eval):1:in `block (2 levels) in run_file'
  [1m[36mStatType Load (0.0ms)[0m  [1m[34mSELECT "stat_types".* FROM "stat_types" WHERE "stat_types"."category" = $1 AND "stat_types"."name" = $2 LIMIT $3[0m  [["category", "pitching"], ["name", "HBP"], ["LIMIT", 1]]
  ↳ (eval):1:in `block (2 levels) in run_file'
  [1m[36mStatType Create (0.1ms)[0m  [1m[32mINSERT INTO "stat_types" ("name", "label", "category", "created_at", "updated_at") VALUES ($1, $2, $3, $4, $5) RETURNING "id"[0m  [["name", "HBP"], ["label", "HBP"], ["category", "pitching"], ["created_at", "2026-06-06 06:23:33.485664"], ["updated_at", "2026-06-06 06:23:33.485664"]]
  ↳ (eval):1:in `block (2 levels) in run_file'
  [1m[36mStatType Load (0.0ms)[0m  [1m[34mSELECT "stat_types".* FROM "stat_types" WHERE "stat_types"."category" = $1 AND "stat_types"."name" = $2 LIMIT $3[0m  [["category", "pitching"], ["name", "OBP"], ["LIMIT", 1]]
  ↳ (eval):1:in `block (2 levels) in run_file'
  [1m[36mStatType Create (0.2ms)[0m  [1m[32mINSERT INTO "stat_types" ("name", "label", "category", "created_at", "updated_at") VALUES ($1, $2, $3, $4, $5) RETURNING "id"[0m  [["name", "OBP"], ["label", "OBP"], ["category", "pitching"], ["created_at", "2026-06-06 06:23:33.486173"], ["updated_at", "2026-06-06 06:23:33.486173"]]
  ↳ (eval):1:in `block (2 levels) in run_file'
  [1m[36mStatType Load (0.1ms)[0m  [1m[34mSELECT "stat_types".* FROM "stat_types" WHERE "stat_types"."category" = $1 AND "stat_types"."name" = $2 LIMIT $3[0m  [["category", "pitching"], ["name", "obp"], ["LIMIT", 1]]
  ↳ (eval):1:in `block (2 levels) in run_file'
  [1m[36mStatType Create (0.2ms)[0m  [1m[32mINSERT INTO "stat_types" ("name", "label", "category", "created_at", "updated_at") VALUES ($1, $2, $3, $4, $5) RETURNING "id"[0m  [["name", "obp"], ["label", "OBP"], ["category", "pitching"], ["created_at", "2026-06-06 06:23:33.486812"], ["updated_at", "2026-06-06 06:23:33.486812"]]
  ↳ (eval):1:in `block (2 levels) in run_file'
  [1m[36mStatType Load (0.0ms)[0m  [1m[34mSELECT "stat_types".* FROM "stat_types" WHERE "stat_types"."category" = $1 AND "stat_types"."name" = $2 LIMIT $3[0m  [["category", "pitching"], ["name", "SLG"], ["LIMIT", 1]]
  ↳ (eval):1:in `block (2 levels) in run_file'
  [1m[36mStatType Create (0.1ms)[0m  [1m[32mINSERT INTO "stat_types" ("name", "label", "category", "created_at", "updated_at") VALUES ($1, $2, $3, $4, $5) RETURNING "id"[0m  [["name", "SLG"], ["label", "SLG"], ["category", "pitching"], ["created_at", "2026-06-06 06:23:33.487460"], ["updated_at", "2026-06-06 06:23:33.487460"]]
  ↳ (eval):1:in `block (2 levels) in run_file'
  [1m[36mStatType Load (0.0ms)[0m  [1m[34mSELECT "stat_types".* FROM "stat_types" WHERE "stat_types"."category" = $1 AND "stat_types"."name" = $2 LIMIT $3[0m  [["category", "pitching"], ["name", "slg"], ["LIMIT", 1]]
  ↳ (eval):1:in `block (2 levels) in run_file'
  [1m[36mStatType Create (0.1ms)[0m  [1m[32mINSERT INTO "stat_types" ("name", "label", "category", "created_at", "updated_at") VALUES ($1, $2, $3, $4, $5) RETURNING "id"[0m  [["name", "slg"], ["label", "SLG"], ["category", "pitching"], ["created_at", "2026-06-06 06:23:33.487977"], ["updated_at", "2026-06-06 06:23:33.487977"]]
  ↳ (eval):1:in `block (2 levels) in run_file'
  [1m[36mStatType Load (0.1ms)[0m  [1m[34mSELECT "stat_types".* FROM "stat_types" WHERE "stat_types"."category" = $1 AND "stat_types"."name" = $2 LIMIT $3[0m  [["category", "pitching"], ["name", "ERA"], ["LIMIT", 1]]
  ↳ (eval):1:in `block (2 levels) in run_file'
  [1m[36mStatType Create (0.1ms)[0m  [1m[32mINSERT INTO "stat_types" ("name", "label", "category", "created_at", "updated_at") VALUES ($1, $2, $3, $4, $5) RETURNING "id"[0m  [["name", "ERA"], ["label", "ERA"], ["category", "pitching"], ["created_at", "2026-06-06 06:23:33.488603"], ["updated_at", "2026-06-06 06:23:33.488603"]]
  ↳ (eval):1:in `block (2 levels) in run_file'
  [1m[36mStatType Load (0.0ms)[0m  [1m[34mSELECT "stat_types".* FROM "stat_types" WHERE "stat_types"."category" = $1 AND "stat_types"."name" = $2 LIMIT $3[0m  [["category", "pitching"], ["name", "wOBA"], ["LIMIT", 1]]
  ↳ (eval):1:in `block (2 levels) in run_file'
  [1m[36mStatType Create (0.1ms)[0m  [1m[32mINSERT INTO "stat_types" ("name", "label", "category", "created_at", "updated_at") VALUES ($1, $2, $3, $4, $5) RETURNING "id"[0m  [["name", "wOBA"], ["label", "wOBA"], ["category", "pitching"], ["created_at", "2026-06-06 06:23:33.489066"], ["updated_at", "2026-06-06 06:23:33.489066"]]
  ↳ (eval):1:in `block (2 levels) in run_file'
  [1m[36mStatType Load (0.1ms)[0m  [1m[34mSELECT "stat_types".* FROM "stat_types" WHERE "stat_types"."category" = $1 AND "stat_types"."name" = $2 LIMIT $3[0m  [["category", "pitching"], ["name", "G"], ["LIMIT", 1]]
  ↳ (eval):1:in `block (2 levels) in run_file'
  [1m[36mStatType Create (0.1ms)[0m  [1m[32mINSERT INTO "stat_types" ("name", "label", "category", "created_at", "updated_at") VALUES ($1, $2, $3, $4, $5) RETURNING "id"[0m  [["name", "G"], ["label", "G"], ["category", "pitching"], ["created_at", "2026-06-06 06:23:33.489611"], ["updated_at", "2026-06-06 06:23:33.489611"]]
  ↳ (eval):1:in `block (2 levels) in run_file'
  [1m[36mStatType Load (0.1ms)[0m  [1m[34mSELECT "stat_types".* FROM "stat_types" WHERE "stat_types"."category" = $1 AND "stat_types"."name" = $2 LIMIT $3[0m  [["category", "pitching"], ["name", "GS"], ["LIMIT", 1]]
  ↳ (eval):1:in `block (2 levels) in run_file'
  [1m[36mStatType Create (0.1ms)[0m  [1m[32mINSERT INTO "stat_types" ("name", "label", "category", "created_at", "updated_at") VALUES ($1, $2, $3, $4, $5) RETURNING "id"[0m  [["name", "GS"], ["label", "GS"], ["category", "pitching"], ["created_at", "2026-06-06 06:23:33.490172"], ["updated_at", "2026-06-06 06:23:33.490172"]]
  ↳ (eval):1:in `block (2 levels) in run_file'
  [1m[36mStatType Load (0.1ms)[0m  [1m[34mSELECT "stat_types".* FROM "stat_types" WHERE "stat_types"."category" = $1 AND "stat_types"."name" = $2 LIMIT $3[0m  [["category", "pitching"], ["name", "CG"], ["LIMIT", 1]]
  ↳ (eval):1:in `block (2 levels) in run_file'
  [1m[36mStatType Create (0.1ms)[0m  [1m[32mINSERT INTO "stat_types" ("name", "label", "category", "created_at", "updated_at") VALUES ($1, $2, $3, $4, $5) RETURNING "id"[0m  [["name", "CG"], ["label", "CG"], ["category", "pitching"], ["created_at", "2026-06-06 06:23:33.490788"], ["updated_at", "2026-06-06 06:23:33.490788"]]
  ↳ (eval):1:in `block (2 levels) in run_file'
  [1m[36mStatType Load (0.1ms)[0m  [1m[34mSELECT "stat_types".* FROM "stat_types" WHERE "stat_types"."category" = $1 AND "stat_types"."name" = $2 LIMIT $3[0m  [["category", "pitching"], ["name", "ShO"], ["LIMIT", 1]]
  ↳ (eval):1:in `block (2 levels) in run_file'
  [1m[36mStatType Create (0.2ms)[0m  [1m[32mINSERT INTO "stat_types" ("name", "label", "category", "created_at", "updated_at") VALUES ($1, $2, $3, $4, $5) RETURNING "id"[0m  [["name", "ShO"], ["label", "SHO"], ["category", "pitching"], ["created_at", "2026-06-06 06:23:33.491354"], ["updated_at", "2026-06-06 06:23:33.491354"]]
  ↳ (eval):1:in `block (2 levels) in run_file'
  [1m[36mStatType Load (0.1ms)[0m  [1m[34mSELECT "stat_types".* FROM "stat_types" WHERE "stat_types"."category" = $1 AND "stat_types"."name" = $2 LIMIT $3[0m  [["category", "pitching"], ["name", "qualityStarts"], ["LIMIT", 1]]
  ↳ (eval):1:in `block (2 levels) in run_file'
  [1m[36mStatType Create (0.2ms)[0m  [1m[32mINSERT INTO "stat_types" ("name", "label", "category", "created_at", "updated_at") VALUES ($1, $2, $3, $4, $5) RETURNING "id"[0m  [["name", "qualityStarts"], ["label", "QS"], ["category", "pitching"], ["created_at", "2026-06-06 06:23:33.491966"], ["updated_at", "2026-06-06 06:23:33.491966"]]
  ↳ (eval):1:in `block (2 levels) in run_file'
  [1m[36mStatType Load (0.1ms)[0m  [1m[34mSELECT "stat_types".* FROM "stat_types" WHERE "stat_types"."category" = $1 AND "stat_types"."name" = $2 LIMIT $3[0m  [["category", "pitching"], ["name", "WP"], ["LIMIT", 1]]
  ↳ (eval):1:in `block (2 levels) in run_file'
  [1m[36mStatType Create (0.1ms)[0m  [1m[32mINSERT INTO "stat_types" ("name", "label", "category", "created_at", "updated_at") VALUES ($1, $2, $3, $4, $5) RETURNING "id"[0m  [["name", "WP"], ["label", "WP"], ["category", "pitching"], ["created_at", "2026-06-06 06:23:33.492573"], ["updated_at", "2026-06-06 06:23:33.492573"]]
  ↳ (eval):1:in `block (2 levels) in run_file'
  [1m[36mStatType Load (0.1ms)[0m  [1m[34mSELECT "stat_types".* FROM "stat_types" WHERE "stat_types"."category" = $1 AND "stat_types"."name" = $2 LIMIT $3[0m  [["category", "pitching"], ["name", "BK"], ["LIMIT", 1]]
  ↳ (eval):1:in `block (2 levels) in run_file'
  [1m[36mStatType Create (0.1ms)[0m  [1m[32mINSERT INTO "stat_types" ("name", "label", "category", "created_at", "updated_at") VALUES ($1, $2, $3, $4, $5) RETURNING "id"[0m  [["name", "BK"], ["label", "BK"], ["category", "pitching"], ["created_at", "2026-06-06 06:23:33.493145"], ["updated_at", "2026-06-06 06:23:33.493145"]]
  ↳ (eval):1:in `block (2 levels) in run_file'
  [1m[36mStatType Load (0.1ms)[0m  [1m[34mSELECT "stat_types".* FROM "stat_types" WHERE "stat_types"."category" = $1 AND "stat_types"."name" = $2 LIMIT $3[0m  [["category", "pitching"], ["name", "RS/9"], ["LIMIT", 1]]
  ↳ (eval):1:in `block (2 levels) in run_file'
  [1m[36mStatType Create (0.1ms)[0m  [1m[32mINSERT INTO "stat_types" ("name", "label", "category", "created_at", "updated_at") VALUES ($1, $2, $3, $4, $5) RETURNING "id"[0m  [["name", "RS/9"], ["label", "RS/9"], ["category", "pitching"], ["created_at", "2026-06-06 06:23:33.493782"], ["updated_at", "2026-06-06 06:23:33.493782"]]
  ↳ (eval):1:in `block (2 levels) in run_file'
  [1m[36mStatType Load (0.0ms)[0m  [1m[34mSELECT "stat_types".* FROM "stat_types" WHERE "stat_types"."category" = $1 AND "stat_types"."name" = $2 LIMIT $3[0m  [["category", "pitching"], ["name", "H/9"], ["LIMIT", 1]]
  ↳ (eval):1:in `block (2 levels) in run_file'
  [1m[36mStatType Create (0.1ms)[0m  [1m[32mINSERT INTO "stat_types" ("name", "label", "category", "created_at", "updated_at") VALUES ($1, $2, $3, $4, $5) RETURNING "id"[0m  [["name", "H/9"], ["label", "H/9"], ["category", "pitching"], ["created_at", "2026-06-06 06:23:33.494289"], ["updated_at", "2026-06-06 06:23:33.494289"]]
  ↳ (eval):1:in `block (2 levels) in run_file'
  [1m[36mStatType Load (0.0ms)[0m  [1m[34mSELECT "stat_types".* FROM "stat_types" WHERE "stat_types"."category" = $1 AND "stat_types"."name" = $2 LIMIT $3[0m  [["category", "pitching"], ["name", "Swing%"], ["LIMIT", 1]]
  ↳ (eval):1:in `block (2 levels) in run_file'
  [1m[36mStatType Create (0.1ms)[0m  [1m[32mINSERT INTO "stat_types" ("name", "label", "category", "created_at", "updated_at") VALUES ($1, $2, $3, $4, $5) RETURNING "id"[0m  [["name", "Swing%"], ["label", "Swing%"], ["category", "pitching"], ["created_at", "2026-06-06 06:23:33.494775"], ["updated_at", "2026-06-06 06:23:33.494775"]]
  ↳ (eval):1:in `block (2 levels) in run_file'
  [1m[36mStatType Load (0.1ms)[0m  [1m[34mSELECT "stat_types".* FROM "stat_types" WHERE "stat_types"."category" = $1 AND "stat_types"."name" = $2 LIMIT $3[0m  [["category", "pitching"], ["name", "HLD"], ["LIMIT", 1]]
  ↳ (eval):1:in `block (2 levels) in run_file'
  [1m[36mStatType Create (0.2ms)[0m  [1m[32mINSERT INTO "stat_types" ("name", "label", "category", "created_at", "updated_at") VALUES ($1, $2, $3, $4, $5) RETURNING "id"[0m  [["name", "HLD"], ["label", "HLD"], ["category", "pitching"], ["created_at", "2026-06-06 06:23:33.495365"], ["updated_at", "2026-06-06 06:23:33.495365"]]
  ↳ (eval):1:in `block (2 levels) in run_file'
  [1m[36mStatType Load (0.0ms)[0m  [1m[34mSELECT "stat_types".* FROM "stat_types" WHERE "stat_types"."category" = $1 AND "stat_types"."name" = $2 LIMIT $3[0m  [["category", "pitching"], ["name", "BS"], ["LIMIT", 1]]
  ↳ (eval):1:in `block (2 levels) in run_file'
  [1m[36mStatType Create (0.1ms)[0m  [1m[32mINSERT INTO "stat_types" ("name", "label", "category", "created_at", "updated_at") VALUES ($1, $2, $3, $4, $5) RETURNING "id"[0m  [["name", "BS"], ["label", "BS"], ["category", "pitching"], ["created_at", "2026-06-06 06:23:33.496068"], ["updated_at", "2026-06-06 06:23:33.496068"]]
  ↳ (eval):1:in `block (2 levels) in run_file'
  [1m[36mStatType Load (0.0ms)[0m  [1m[34mSELECT "stat_types".* FROM "stat_types" WHERE "stat_types"."category" = $1 AND "stat_types"."name" = $2 LIMIT $3[0m  [["category", "pitching"], ["name", "ERA-"], ["LIMIT", 1]]
  ↳ (eval):1:in `block (2 levels) in run_file'
  [1m[36mStatType Create (0.1ms)[0m  [1m[32mINSERT INTO "stat_types" ("name", "label", "category", "created_at", "updated_at") VALUES ($1, $2, $3, $4, $5) RETURNING "id"[0m  [["name", "ERA-"], ["label", "ERA-"], ["category", "pitching"], ["created_at", "2026-06-06 06:23:33.496628"], ["updated_at", "2026-06-06 06:23:33.496628"]]
  ↳ (eval):1:in `block (2 levels) in run_file'
  [1m[36mStatType Load (0.1ms)[0m  [1m[34mSELECT "stat_types".* FROM "stat_types" WHERE "stat_types"."category" = $1 AND "stat_types"."name" = $2 LIMIT $3[0m  [["category", "pitching"], ["name", "FIP-"], ["LIMIT", 1]]
  ↳ (eval):1:in `block (2 levels) in run_file'
  [1m[36mStatType Create (0.1ms)[0m  [1m[32mINSERT INTO "stat_types" ("name", "label", "category", "created_at", "updated_at") VALUES ($1, $2, $3, $4, $5) RETURNING "id"[0m  [["name", "FIP-"], ["label", "FIP-"], ["category", "pitching"], ["created_at", "2026-06-06 06:23:33.497228"], ["updated_at", "2026-06-06 06:23:33.497228"]]
  ↳ (eval):1:in `block (2 levels) in run_file'
  [1m[36mStatType Load (0.1ms)[0m  [1m[34mSELECT "stat_types".* FROM "stat_types" WHERE "stat_types"."category" = $1 AND "stat_types"."name" = $2 LIMIT $3[0m  [["category", "pitching"], ["name", "PA"], ["LIMIT", 1]]
  ↳ (eval):1:in `block (2 levels) in run_file'
  [1m[36mStatType Create (0.1ms)[0m  [1m[32mINSERT INTO "stat_types" ("name", "label", "category", "created_at", "updated_at") VALUES ($1, $2, $3, $4, $5) RETURNING "id"[0m  [["name", "PA"], ["label", "PA"], ["category", "pitching"], ["created_at", "2026-06-06 06:23:33.497830"], ["updated_at", "2026-06-06 06:23:33.497830"]]
  ↳ (eval):1:in `block (2 levels) in run_file'
  [1m[36mStatType Load (0.0ms)[0m  [1m[34mSELECT "stat_types".* FROM "stat_types" WHERE "stat_types"."category" = $1 AND "stat_types"."name" = $2 LIMIT $3[0m  [["category", "pitching"], ["name", "AB"], ["LIMIT", 1]]
  ↳ (eval):1:in `block (2 levels) in run_file'
  [1m[36mStatType Create (0.1ms)[0m  [1m[32mINSERT INTO "stat_types" ("name", "label", "category", "created_at", "updated_at") VALUES ($1, $2, $3, $4, $5) RETURNING "id"[0m  [["name", "AB"], ["label", "AB"], ["category", "pitching"], ["created_at", "2026-06-06 06:23:33.498465"], ["updated_at", "2026-06-06 06:23:33.498465"]]
  ↳ (eval):1:in `block (2 levels) in run_file'
  [1m[36mStatType Load (0.0ms)[0m  [1m[34mSELECT "stat_types".* FROM "stat_types" WHERE "stat_types"."category" = $1 AND "stat_types"."name" = $2 LIMIT $3[0m  [["category", "pitching"], ["name", "BA"], ["LIMIT", 1]]
  ↳ (eval):1:in `block (2 levels) in run_file'
  [1m[36mStatType Create (0.1ms)[0m  [1m[32mINSERT INTO "stat_types" ("name", "label", "category", "created_at", "updated_at") VALUES ($1, $2, $3, $4, $5) RETURNING "id"[0m  [["name", "BA"], ["label", "BA"], ["category", "pitching"], ["created_at", "2026-06-06 06:23:33.498933"], ["updated_at", "2026-06-06 06:23:33.498933"]]
  ↳ (eval):1:in `block (2 levels) in run_file'
  [1m[36mStatType Load (0.1ms)[0m  [1m[34mSELECT "stat_types".* FROM "stat_types" WHERE "stat_types"."category" = $1 AND "stat_types"."name" = $2 LIMIT $3[0m  [["category", "pitching"], ["name", "OPS"], ["LIMIT", 1]]
  ↳ (eval):1:in `block (2 levels) in run_file'
  [1m[36mStatType Create (0.2ms)[0m  [1m[32mINSERT INTO "stat_types" ("name", "label", "category", "created_at", "updated_at") VALUES ($1, $2, $3, $4, $5) RETURNING "id"[0m  [["name", "OPS"], ["label", "OPS"], ["category", "pitching"], ["created_at", "2026-06-06 06:23:33.499554"], ["updated_at", "2026-06-06 06:23:33.499554"]]
  ↳ (eval):1:in `block (2 levels) in run_file'
  [1m[36mStatType Load (0.1ms)[0m  [1m[34mSELECT "stat_types".* FROM "stat_types" WHERE "stat_types"."category" = $1 AND "stat_types"."name" = $2 LIMIT $3[0m  [["category", "pitching"], ["name", "ops"], ["LIMIT", 1]]
  ↳ (eval):1:in `block (2 levels) in run_file'
  [1m[36mStatType Create (0.1ms)[0m  [1m[32mINSERT INTO "stat_types" ("name", "label", "category", "created_at", "updated_at") VALUES ($1, $2, $3, $4, $5) RETURNING "id"[0m  [["name", "ops"], ["label", "OPS"], ["category", "pitching"], ["created_at", "2026-06-06 06:23:33.500171"], ["updated_at", "2026-06-06 06:23:33.500171"]]
  ↳ (eval):1:in `block (2 levels) in run_file'
  [1m[36mStatType Load (0.1ms)[0m  [1m[34mSELECT "stat_types".* FROM "stat_types" WHERE "stat_types"."category" = $1 AND "stat_types"."name" = $2 LIMIT $3[0m  [["category", "pitching"], ["name", "TB"], ["LIMIT", 1]]
  ↳ (eval):1:in `block (2 levels) in run_file'
  [1m[36mStatType Create (0.2ms)[0m  [1m[32mINSERT INTO "stat_types" ("name", "label", "category", "created_at", "updated_at") VALUES ($1, $2, $3, $4, $5) RETURNING "id"[0m  [["name", "TB"], ["label", "TB"], ["category", "pitching"], ["created_at", "2026-06-06 06:23:33.501325"], ["updated_at", "2026-06-06 06:23:33.501325"]]
  ↳ (eval):1:in `block (2 levels) in run_file'
  [1m[36mStatType Load (0.0ms)[0m  [1m[34mSELECT "stat_types".* FROM "stat_types" WHERE "stat_types"."category" = $1 AND "stat_types"."name" = $2 LIMIT $3[0m  [["category", "pitching"], ["name", "GDP"], ["LIMIT", 1]]
  ↳ (eval):1:in `block (2 levels) in run_file'
  [1m[36mStatType Create (0.1ms)[0m  [1m[32mINSERT INTO "stat_types" ("name", "label", "category", "created_at", "updated_at") VALUES ($1, $2, $3, $4, $5) RETURNING "id"[0m  [["name", "GDP"], ["label", "GDP"], ["category", "pitching"], ["created_at", "2026-06-06 06:23:33.501911"], ["updated_at", "2026-06-06 06:23:33.501911"]]
  ↳ (eval):1:in `block (2 levels) in run_file'
  [1m[36mStatType Load (0.0ms)[0m  [1m[34mSELECT "stat_types".* FROM "stat_types" WHERE "stat_types"."category" = $1 AND "stat_types"."name" = $2 LIMIT $3[0m  [["category", "pitching"], ["name", "hitBatsmen"], ["LIMIT", 1]]
  ↳ (eval):1:in `block (2 levels) in run_file'
  [1m[36mStatType Create (0.1ms)[0m  [1m[32mINSERT INTO "stat_types" ("name", "label", "category", "created_at", "updated_at") VALUES ($1, $2, $3, $4, $5) RETURNING "id"[0m  [["name", "hitBatsmen"], ["label", "HBP"], ["category", "pitching"], ["created_at", "2026-06-06 06:23:33.502643"], ["updated_at", "2026-06-06 06:23:33.502643"]]
  ↳ (eval):1:in `block (2 levels) in run_file'
  [1m[36mStatType Load (0.1ms)[0m  [1m[34mSELECT "stat_types".* FROM "stat_types" WHERE "stat_types"."category" = $1 AND "stat_types"."name" = $2 LIMIT $3[0m  [["category", "pitching"], ["name", "SH"], ["LIMIT", 1]]
  ↳ (eval):1:in `block (2 levels) in run_file'
  [1m[36mStatType Create (0.1ms)[0m  [1m[32mINSERT INTO "stat_types" ("name", "label", "category", "created_at", "updated_at") VALUES ($1, $2, $3, $4, $5) RETURNING "id"[0m  [["name", "SH"], ["label", "SH"], ["category", "pitching"], ["created_at", "2026-06-06 06:23:33.503187"], ["updated_at", "2026-06-06 06:23:33.503187"]]
  ↳ (eval):1:in `block (2 levels) in run_file'
  [1m[36mStatType Load (0.0ms)[0m  [1m[34mSELECT "stat_types".* FROM "stat_types" WHERE "stat_types"."category" = $1 AND "stat_types"."name" = $2 LIMIT $3[0m  [["category", "pitching"], ["name", "SF"], ["LIMIT", 1]]
  ↳ (eval):1:in `block (2 levels) in run_file'
  [1m[36mStatType Create (0.1ms)[0m  [1m[32mINSERT INTO "stat_types" ("name", "label", "category", "created_at", "updated_at") VALUES ($1, $2, $3, $4, $5) RETURNING "id"[0m  [["name", "SF"], ["label", "SF"], ["category", "pitching"], ["created_at", "2026-06-06 06:23:33.503750"], ["updated_at", "2026-06-06 06:23:33.503750"]]
  ↳ (eval):1:in `block (2 levels) in run_file'
  [1m[36mStatType Load (0.1ms)[0m  [1m[34mSELECT "stat_types".* FROM "stat_types" WHERE "stat_types"."category" = $1 AND "stat_types"."name" = $2 LIMIT $3[0m  [["category", "pitching"], ["name", "intentionalWalks"], ["LIMIT", 1]]
  ↳ (eval):1:in `block (2 levels) in run_file'
  [1m[36mStatType Create (0.1ms)[0m  [1m[32mINSERT INTO "stat_types" ("name", "label", "category", "created_at", "updated_at") VALUES ($1, $2, $3, $4, $5) RETURNING "id"[0m  [["name", "intentionalWalks"], ["label", "IBB"], ["category", "pitching"], ["created_at", "2026-06-06 06:23:33.504528"], ["updated_at", "2026-06-06 06:23:33.504528"]]
  ↳ (eval):1:in `block (2 levels) in run_file'
  [1m[36mStatType Load (0.0ms)[0m  [1m[34mSELECT "stat_types".* FROM "stat_types" WHERE "stat_types"."category" = $1 AND "stat_types"."name" = $2 LIMIT $3[0m  [["category", "pitching"], ["name", "ROE"], ["LIMIT", 1]]
  ↳ (eval):1:in `block (2 levels) in run_file'
  [1m[36mStatType Create (0.1ms)[0m  [1m[32mINSERT INTO "stat_types" ("name", "label", "category", "created_at", "updated_at") VALUES ($1, $2, $3, $4, $5) RETURNING "id"[0m  [["name", "ROE"], ["label", "ROE"], ["category", "pitching"], ["created_at", "2026-06-06 06:23:33.505066"], ["updated_at", "2026-06-06 06:23:33.505066"]]
  ↳ (eval):1:in `block (2 levels) in run_file'
  [1m[36mStatType Load (0.1ms)[0m  [1m[34mSELECT "stat_types".* FROM "stat_types" WHERE "stat_types"."category" = $1 AND "stat_types"."name" = $2 LIMIT $3[0m  [["category", "pitching"], ["name", "BAbip"], ["LIMIT", 1]]
  ↳ (eval):1:in `block (2 levels) in run_file'
  [1m[36mStatType Create (0.1ms)[0m  [1m[32mINSERT INTO "stat_types" ("name", "label", "category", "created_at", "updated_at") VALUES ($1, $2, $3, $4, $5) RETURNING "id"[0m  [["name", "BAbip"], ["label", "BAbip"], ["category", "pitching"], ["created_at", "2026-06-06 06:23:33.505729"], ["updated_at", "2026-06-06 06:23:33.505729"]]
  ↳ (eval):1:in `block (2 levels) in run_file'
  [1m[36mStatType Load (0.1ms)[0m  [1m[34mSELECT "stat_types".* FROM "stat_types" WHERE "stat_types"."category" = $1 AND "stat_types"."name" = $2 LIMIT $3[0m  [["category", "pitching"], ["name", "babip"], ["LIMIT", 1]]
  ↳ (eval):1:in `block (2 levels) in run_file'
  [1m[36mStatType Create (0.6ms)[0m  [1m[32mINSERT INTO "stat_types" ("name", "label", "category", "created_at", "updated_at") VALUES ($1, $2, $3, $4, $5) RETURNING "id"[0m  [["name", "babip"], ["label", "BABIP"], ["category", "pitching"], ["created_at", "2026-06-06 06:23:33.506414"], ["updated_at", "2026-06-06 06:23:33.506414"]]
  ↳ (eval):1:in `block (2 levels) in run_file'
  [1m[36mStatType Load (0.1ms)[0m  [1m[34mSELECT "stat_types".* FROM "stat_types" WHERE "stat_types"."category" = $1 AND "stat_types"."name" = $2 LIMIT $3[0m  [["category", "pitching"], ["name", "tOPS+"], ["LIMIT", 1]]
  ↳ (eval):1:in `block (2 levels) in run_file'
  [1m[36mStatType Create (0.1ms)[0m  [1m[32mINSERT INTO "stat_types" ("name", "label", "category", "created_at", "updated_at") VALUES ($1, $2, $3, $4, $5) RETURNING "id"[0m  [["name", "tOPS+"], ["label", "tOPS+"], ["category", "pitching"], ["created_at", "2026-06-06 06:23:33.507490"], ["updated_at", "2026-06-06 06:23:33.507490"]]
  ↳ (eval):1:in `block (2 levels) in run_file'
  [1m[36mStatType Load (0.1ms)[0m  [1m[34mSELECT "stat_types".* FROM "stat_types" WHERE "stat_types"."category" = $1 AND "stat_types"."name" = $2 LIMIT $3[0m  [["category", "pitching"], ["name", "sOPS+"], ["LIMIT", 1]]
  ↳ (eval):1:in `block (2 levels) in run_file'
  [1m[36mStatType Create (0.2ms)[0m  [1m[32mINSERT INTO "stat_types" ("name", "label", "category", "created_at", "updated_at") VALUES ($1, $2, $3, $4, $5) RETURNING "id"[0m  [["name", "sOPS+"], ["label", "sOPS+"], ["category", "pitching"], ["created_at", "2026-06-06 06:23:33.508163"], ["updated_at", "2026-06-06 06:23:33.508163"]]
  ↳ (eval):1:in `block (2 levels) in run_file'
  [1m[36mStatType Load (0.1ms)[0m  [1m[34mSELECT "stat_types".* FROM "stat_types" WHERE "stat_types"."category" = $1 AND "stat_types"."name" = $2 LIMIT $3[0m  [["category", "pitching"], ["name", "groundOuts"], ["LIMIT", 1]]
  ↳ (eval):1:in `block (2 levels) in run_file'
  [1m[36mStatType Create (0.1ms)[0m  [1m[32mINSERT INTO "stat_types" ("name", "label", "category", "created_at", "updated_at") VALUES ($1, $2, $3, $4, $5) RETURNING "id"[0m  [["name", "groundOuts"], ["label", "GO"], ["category", "pitching"], ["created_at", "2026-06-06 06:23:33.508851"], ["updated_at", "2026-06-06 06:23:33.508851"]]
  ↳ (eval):1:in `block (2 levels) in run_file'
  [1m[36mStatType Load (0.1ms)[0m  [1m[34mSELECT "stat_types".* FROM "stat_types" WHERE "stat_types"."category" = $1 AND "stat_types"."name" = $2 LIMIT $3[0m  [["category", "pitching"], ["name", "airOuts"], ["LIMIT", 1]]
  ↳ (eval):1:in `block (2 levels) in run_file'
  [1m[36mStatType Create (0.1ms)[0m  [1m[32mINSERT INTO "stat_types" ("name", "label", "category", "created_at", "updated_at") VALUES ($1, $2, $3, $4, $5) RETURNING "id"[0m  [["name", "airOuts"], ["label", "AO"], ["category", "pitching"], ["created_at", "2026-06-06 06:23:33.509466"], ["updated_at", "2026-06-06 06:23:33.509466"]]
  ↳ (eval):1:in `block (2 levels) in run_file'
  [1m[36mStatType Load (0.1ms)[0m  [1m[34mSELECT "stat_types".* FROM "stat_types" WHERE "stat_types"."category" = $1 AND "stat_types"."name" = $2 LIMIT $3[0m  [["category", "pitching"], ["name", "groundIntoTriplePlay"], ["LIMIT", 1]]
  ↳ (eval):1:in `block (2 levels) in run_file'
  [1m[36mStatType Create (0.2ms)[0m  [1m[32mINSERT INTO "stat_types" ("name", "label", "category", "created_at", "updated_at") VALUES ($1, $2, $3, $4, $5) RETURNING "id"[0m  [["name", "groundIntoTriplePlay"], ["label", "GITP"], ["category", "pitching"], ["created_at", "2026-06-06 06:23:33.510037"], ["updated_at", "2026-06-06 06:23:33.510037"]]
  ↳ (eval):1:in `block (2 levels) in run_file'
  [1m[36mStatType Load (0.0ms)[0m  [1m[34mSELECT "stat_types".* FROM "stat_types" WHERE "stat_types"."category" = $1 AND "stat_types"."name" = $2 LIMIT $3[0m  [["category", "pitching"], ["name", "numberOfPitches"], ["LIMIT", 1]]
  ↳ (eval):1:in `block (2 levels) in run_file'
  [1m[36mStatType Create (0.1ms)[0m  [1m[32mINSERT INTO "stat_types" ("name", "label", "category", "created_at", "updated_at") VALUES ($1, $2, $3, $4, $5) RETURNING "id"[0m  [["name", "numberOfPitches"], ["label", "P"], ["category", "pitching"], ["created_at", "2026-06-06 06:23:33.510837"], ["updated_at", "2026-06-06 06:23:33.510837"]]
  ↳ (eval):1:in `block (2 levels) in run_file'
  [1m[36mStatType Load (0.1ms)[0m  [1m[34mSELECT "stat_types".* FROM "stat_types" WHERE "stat_types"."category" = $1 AND "stat_types"."name" = $2 LIMIT $3[0m  [["category", "pitching"], ["name", "gamesPlayed"], ["LIMIT", 1]]
  ↳ (eval):1:in `block (2 levels) in run_file'
  [1m[36mStatType Create (0.1ms)[0m  [1m[32mINSERT INTO "stat_types" ("name", "label", "category", "created_at", "updated_at") VALUES ($1, $2, $3, $4, $5) RETURNING "id"[0m  [["name", "gamesPlayed"], ["label", "GP"], ["category", "pitching"], ["created_at", "2026-06-06 06:23:33.511363"], ["updated_at", "2026-06-06 06:23:33.511363"]]
  ↳ (eval):1:in `block (2 levels) in run_file'
  [1m[36mStatType Load (0.1ms)[0m  [1m[34mSELECT "stat_types".* FROM "stat_types" WHERE "stat_types"."category" = $1 AND "stat_types"."name" = $2 LIMIT $3[0m  [["category", "pitching"], ["name", "doubles"], ["LIMIT", 1]]
  ↳ (eval):1:in `block (2 levels) in run_file'
  [1m[36mStatType Create (0.1ms)[0m  [1m[32mINSERT INTO "stat_types" ("name", "label", "category", "created_at", "updated_at") VALUES ($1, $2, $3, $4, $5) RETURNING "id"[0m  [["name", "doubles"], ["label", "2B"], ["category", "pitching"], ["created_at", "2026-06-06 06:23:33.511951"], ["updated_at", "2026-06-06 06:23:33.511951"]]
  ↳ (eval):1:in `block (2 levels) in run_file'
  [1m[36mStatType Load (0.1ms)[0m  [1m[34mSELECT "stat_types".* FROM "stat_types" WHERE "stat_types"."category" = $1 AND "stat_types"."name" = $2 LIMIT $3[0m  [["category", "pitching"], ["name", "triples"], ["LIMIT", 1]]
  ↳ (eval):1:in `block (2 levels) in run_file'
  [1m[36mStatType Create (0.1ms)[0m  [1m[32mINSERT INTO "stat_types" ("name", "label", "category", "created_at", "updated_at") VALUES ($1, $2, $3, $4, $5) RETURNING "id"[0m  [["name", "triples"], ["label", "3B"], ["category", "pitching"], ["created_at", "2026-06-06 06:23:33.512659"], ["updated_at", "2026-06-06 06:23:33.512659"]]
  ↳ (eval):1:in `block (2 levels) in run_file'
  [1m[36mStatType Load (0.0ms)[0m  [1m[34mSELECT "stat_types".* FROM "stat_types" WHERE "stat_types"."category" = $1 AND "stat_types"."name" = $2 LIMIT $3[0m  [["category", "pitching"], ["name", "catchersInterference"], ["LIMIT", 1]]
  ↳ (eval):1:in `block (2 levels) in run_file'
  [1m[36mStatType Create (0.1ms)[0m  [1m[32mINSERT INTO "stat_types" ("name", "label", "category", "created_at", "updated_at") VALUES ($1, $2, $3, $4, $5) RETURNING "id"[0m  [["name", "catchersInterference"], ["label", "CI"], ["category", "pitching"], ["created_at", "2026-06-06 06:23:33.513186"], ["updated_at", "2026-06-06 06:23:33.513186"]]
  ↳ (eval):1:in `block (2 levels) in run_file'
  [1m[36mStatType Load (0.1ms)[0m  [1m[34mSELECT "stat_types".* FROM "stat_types" WHERE "stat_types"."category" = $1 AND "stat_types"."name" = $2 LIMIT $3[0m  [["category", "pitching"], ["name", "strikeOuts"], ["LIMIT", 1]]
  ↳ (eval):1:in `block (2 levels) in run_file'
  [1m[36mStatType Create (0.1ms)[0m  [1m[32mINSERT INTO "stat_types" ("name", "label", "category", "created_at", "updated_at") VALUES ($1, $2, $3, $4, $5) RETURNING "id"[0m  [["name", "strikeOuts"], ["label", "SO"], ["category", "pitching"], ["created_at", "2026-06-06 06:23:33.513754"], ["updated_at", "2026-06-06 06:23:33.513754"]]
  ↳ (eval):1:in `block (2 levels) in run_file'
  [1m[36mStatType Load (0.1ms)[0m  [1m[34mSELECT "stat_types".* FROM "stat_types" WHERE "stat_types"."category" = $1 AND "stat_types"."name" = $2 LIMIT $3[0m  [["category", "pitching"], ["name", "hitByPitch"], ["LIMIT", 1]]
  ↳ (eval):1:in `block (2 levels) in run_file'
  [1m[36mStatType Create (0.1ms)[0m  [1m[32mINSERT INTO "stat_types" ("name", "label", "category", "created_at", "updated_at") VALUES ($1, $2, $3, $4, $5) RETURNING "id"[0m  [["name", "hitByPitch"], ["label", "HBP"], ["category", "pitching"], ["created_at", "2026-06-06 06:23:33.514369"], ["updated_at", "2026-06-06 06:23:33.514369"]]
  ↳ (eval):1:in `block (2 levels) in run_file'
  [1m[36mStatType Load (0.0ms)[0m  [1m[34mSELECT "stat_types".* FROM "stat_types" WHERE "stat_types"."category" = $1 AND "stat_types"."name" = $2 LIMIT $3[0m  [["category", "pitching"], ["name", "avg"], ["LIMIT", 1]]
  ↳ (eval):1:in `block (2 levels) in run_file'
  [1m[36mStatType Create (0.1ms)[0m  [1m[32mINSERT INTO "stat_types" ("name", "label", "category", "created_at", "updated_at") VALUES ($1, $2, $3, $4, $5) RETURNING "id"[0m  [["name", "avg"], ["label", "AVG"], ["category", "pitching"], ["created_at", "2026-06-06 06:23:33.515005"], ["updated_at", "2026-06-06 06:23:33.515005"]]
  ↳ (eval):1:in `block (2 levels) in run_file'
  [1m[36mStatType Load (0.1ms)[0m  [1m[34mSELECT "stat_types".* FROM "stat_types" WHERE "stat_types"."category" = $1 AND "stat_types"."name" = $2 LIMIT $3[0m  [["category", "pitching"], ["name", "atBats"], ["LIMIT", 1]]
  ↳ (eval):1:in `block (2 levels) in run_file'
  [1m[36mStatType Create (0.1ms)[0m  [1m[32mINSERT INTO "stat_types" ("name", "label", "category", "created_at", "updated_at") VALUES ($1, $2, $3, $4, $5) RETURNING "id"[0m  [["name", "atBats"], ["label", "AB"], ["category", "pitching"], ["created_at", "2026-06-06 06:23:33.515525"], ["updated_at", "2026-06-06 06:23:33.515525"]]
  ↳ (eval):1:in `block (2 levels) in run_file'
  [1m[36mStatType Load (0.1ms)[0m  [1m[34mSELECT "stat_types".* FROM "stat_types" WHERE "stat_types"."category" = $1 AND "stat_types"."name" = $2 LIMIT $3[0m  [["category", "pitching"], ["name", "groundIntoDoublePlay"], ["LIMIT", 1]]
  ↳ (eval):1:in `block (2 levels) in run_file'
  [1m[36mStatType Create (0.1ms)[0m  [1m[32mINSERT INTO "stat_types" ("name", "label", "category", "created_at", "updated_at") VALUES ($1, $2, $3, $4, $5) RETURNING "id"[0m  [["name", "groundIntoDoublePlay"], ["label", "GDP"], ["category", "pitching"], ["created_at", "2026-06-06 06:23:33.516121"], ["updated_at", "2026-06-06 06:23:33.516121"]]
  ↳ (eval):1:in `block (2 levels) in run_file'
  [1m[36mStatType Load (0.1ms)[0m  [1m[34mSELECT "stat_types".* FROM "stat_types" WHERE "stat_types"."category" = $1 AND "stat_types"."name" = $2 LIMIT $3[0m  [["category", "pitching"], ["name", "inningsPitched"], ["LIMIT", 1]]
  ↳ (eval):1:in `block (2 levels) in run_file'
  [1m[36mStatType Create (0.1ms)[0m  [1m[32mINSERT INTO "stat_types" ("name", "label", "category", "created_at", "updated_at") VALUES ($1, $2, $3, $4, $5) RETURNING "id"[0m  [["name", "inningsPitched"], ["label", "IP"], ["category", "pitching"], ["created_at", "2026-06-06 06:23:33.516799"], ["updated_at", "2026-06-06 06:23:33.516799"]]
  ↳ (eval):1:in `block (2 levels) in run_file'
  [1m[36mStatType Load (0.1ms)[0m  [1m[34mSELECT "stat_types".* FROM "stat_types" WHERE "stat_types"."category" = $1 AND "stat_types"."name" = $2 LIMIT $3[0m  [["category", "pitching"], ["name", "outsPitched"], ["LIMIT", 1]]
  ↳ (eval):1:in `block (2 levels) in run_file'
  [1m[36mStatType Create (0.1ms)[0m  [1m[32mINSERT INTO "stat_types" ("name", "label", "category", "created_at", "updated_at") VALUES ($1, $2, $3, $4, $5) RETURNING "id"[0m  [["name", "outsPitched"], ["label", "OUTS"], ["category", "pitching"], ["created_at", "2026-06-06 06:23:33.517398"], ["updated_at", "2026-06-06 06:23:33.517398"]]
  ↳ (eval):1:in `block (2 levels) in run_file'
  [1m[36mStatType Load (0.1ms)[0m  [1m[34mSELECT "stat_types".* FROM "stat_types" WHERE "stat_types"."category" = $1 AND "stat_types"."name" = $2 LIMIT $3[0m  [["category", "pitching"], ["name", "whip"], ["LIMIT", 1]]
  ↳ (eval):1:in `block (2 levels) in run_file'
  [1m[36mStatType Create (0.2ms)[0m  [1m[32mINSERT INTO "stat_types" ("name", "label", "category", "created_at", "updated_at") VALUES ($1, $2, $3, $4, $5) RETURNING "id"[0m  [["name", "whip"], ["label", "WHIP"], ["category", "pitching"], ["created_at", "2026-06-06 06:23:33.517976"], ["updated_at", "2026-06-06 06:23:33.517976"]]
  ↳ (eval):1:in `block (2 levels) in run_file'
  [1m[36mStatType Load (0.1ms)[0m  [1m[34mSELECT "stat_types".* FROM "stat_types" WHERE "stat_types"."category" = $1 AND "stat_types"."name" = $2 LIMIT $3[0m  [["category", "pitching"], ["name", "battersFaced"], ["LIMIT", 1]]
  ↳ (eval):1:in `block (2 levels) in run_file'
  [1m[36mStatType Create (0.1ms)[0m  [1m[32mINSERT INTO "stat_types" ("name", "label", "category", "created_at", "updated_at") VALUES ($1, $2, $3, $4, $5) RETURNING "id"[0m  [["name", "battersFaced"], ["label", "BF"], ["category", "pitching"], ["created_at", "2026-06-06 06:23:33.518728"], ["updated_at", "2026-06-06 06:23:33.518728"]]
  ↳ (eval):1:in `block (2 levels) in run_file'
  [1m[36mStatType Load (0.0ms)[0m  [1m[34mSELECT "stat_types".* FROM "stat_types" WHERE "stat_types"."category" = $1 AND "stat_types"."name" = $2 LIMIT $3[0m  [["category", "pitching"], ["name", "outs"], ["LIMIT", 1]]
  ↳ (eval):1:in `block (2 levels) in run_file'
  [1m[36mStatType Create (0.1ms)[0m  [1m[32mINSERT INTO "stat_types" ("name", "label", "category", "created_at", "updated_at") VALUES ($1, $2, $3, $4, $5) RETURNING "id"[0m  [["name", "outs"], ["label", "OUTS"], ["category", "pitching"], ["created_at", "2026-06-06 06:23:33.519202"], ["updated_at", "2026-06-06 06:23:33.519202"]]
  ↳ (eval):1:in `block (2 levels) in run_file'
  [1m[36mStatType Load (0.1ms)[0m  [1m[34mSELECT "stat_types".* FROM "stat_types" WHERE "stat_types"."category" = $1 AND "stat_types"."name" = $2 LIMIT $3[0m  [["category", "pitching"], ["name", "gamesPitched"], ["LIMIT", 1]]
  ↳ (eval):1:in `block (2 levels) in run_file'
  [1m[36mStatType Create (0.1ms)[0m  [1m[32mINSERT INTO "stat_types" ("name", "label", "category", "created_at", "updated_at") VALUES ($1, $2, $3, $4, $5) RETURNING "id"[0m  [["name", "gamesPitched"], ["label", "GP"], ["category", "pitching"], ["created_at", "2026-06-06 06:23:33.519739"], ["updated_at", "2026-06-06 06:23:33.519739"]]
  ↳ (eval):1:in `block (2 levels) in run_file'
  [1m[36mStatType Load (0.2ms)[0m  [1m[34mSELECT "stat_types".* FROM "stat_types" WHERE "stat_types"."category" = $1 AND "stat_types"."name" = $2 LIMIT $3[0m  [["category", "pitching"], ["name", "balls"], ["LIMIT", 1]]
  ↳ (eval):1:in `block (2 levels) in run_file'
  [1m[36mStatType Create (0.1ms)[0m  [1m[32mINSERT INTO "stat_types" ("name", "label", "category", "created_at", "updated_at") VALUES ($1, $2, $3, $4, $5) RETURNING "id"[0m  [["name", "balls"], ["label", "B"], ["category", "pitching"], ["created_at", "2026-06-06 06:23:33.520648"], ["updated_at", "2026-06-06 06:23:33.520648"]]
  ↳ (eval):1:in `block (2 levels) in run_file'
  [1m[36mStatType Load (0.1ms)[0m  [1m[34mSELECT "stat_types".* FROM "stat_types" WHERE "stat_types"."category" = $1 AND "stat_types"."name" = $2 LIMIT $3[0m  [["category", "pitching"], ["name", "strikes"], ["LIMIT", 1]]
  ↳ (eval):1:in `block (2 levels) in run_file'
  [1m[36mStatType Create (0.1ms)[0m  [1m[32mINSERT INTO "stat_types" ("name", "label", "category", "created_at", "updated_at") VALUES ($1, $2, $3, $4, $5) RETURNING "id"[0m  [["name", "strikes"], ["label", "S"], ["category", "pitching"], ["created_at", "2026-06-06 06:23:33.521216"], ["updated_at", "2026-06-06 06:23:33.521216"]]
  ↳ (eval):1:in `block (2 levels) in run_file'
  [1m[36mStatType Load (0.0ms)[0m  [1m[34mSELECT "stat_types".* FROM "stat_types" WHERE "stat_types"."category" = $1 AND "stat_types"."name" = $2 LIMIT $3[0m  [["category", "pitching"], ["name", "strikePercentage"], ["LIMIT", 1]]
  ↳ (eval):1:in `block (2 levels) in run_file'
  [1m[36mStatType Create (0.1ms)[0m  [1m[32mINSERT INTO "stat_types" ("name", "label", "category", "created_at", "updated_at") VALUES ($1, $2, $3, $4, $5) RETURNING "id"[0m  [["name", "strikePercentage"], ["label", "S%"], ["category", "pitching"], ["created_at", "2026-06-06 06:23:33.521725"], ["updated_at", "2026-06-06 06:23:33.521725"]]
  ↳ (eval):1:in `block (2 levels) in run_file'
  [1m[36mStatType Load (0.0ms)[0m  [1m[34mSELECT "stat_types".* FROM "stat_types" WHERE "stat_types"."category" = $1 AND "stat_types"."name" = $2 LIMIT $3[0m  [["category", "pitching"], ["name", "balks"], ["LIMIT", 1]]
  ↳ (eval):1:in `block (2 levels) in run_file'
  [1m[36mStatType Create (0.1ms)[0m  [1m[32mINSERT INTO "stat_types" ("name", "label", "category", "created_at", "updated_at") VALUES ($1, $2, $3, $4, $5) RETURNING "id"[0m  [["name", "balks"], ["label", "BK"], ["category", "pitching"], ["created_at", "2026-06-06 06:23:33.522268"], ["updated_at", "2026-06-06 06:23:33.522268"]]
  ↳ (eval):1:in `block (2 levels) in run_file'
  [1m[36mStatType Load (0.0ms)[0m  [1m[34mSELECT "stat_types".* FROM "stat_types" WHERE "stat_types"."category" = $1 AND "stat_types"."name" = $2 LIMIT $3[0m  [["category", "pitching"], ["name", "wildPitches"], ["LIMIT", 1]]
  ↳ (eval):1:in `block (2 levels) in run_file'
  [1m[36mStatType Create (0.1ms)[0m  [1m[32mINSERT INTO "stat_types" ("name", "label", "category", "created_at", "updated_at") VALUES ($1, $2, $3, $4, $5) RETURNING "id"[0m  [["name", "wildPitches"], ["label", "WP"], ["category", "pitching"], ["created_at", "2026-06-06 06:23:33.522844"], ["updated_at", "2026-06-06 06:23:33.522844"]]
  ↳ (eval):1:in `block (2 levels) in run_file'
  [1m[36mStatType Load (0.0ms)[0m  [1m[34mSELECT "stat_types".* FROM "stat_types" WHERE "stat_types"."category" = $1 AND "stat_types"."name" = $2 LIMIT $3[0m  [["category", "pitching"], ["name", "totalBases"], ["LIMIT", 1]]
  ↳ (eval):1:in `block (2 levels) in run_file'
  [1m[36mStatType Create (0.1ms)[0m  [1m[32mINSERT INTO "stat_types" ("name", "label", "category", "created_at", "updated_at") VALUES ($1, $2, $3, $4, $5) RETURNING "id"[0m  [["name", "totalBases"], ["label", "TB"], ["category", "pitching"], ["created_at", "2026-06-06 06:23:33.523315"], ["updated_at", "2026-06-06 06:23:33.523315"]]
  ↳ (eval):1:in `block (2 levels) in run_file'
  [1m[36mStatType Load (0.0ms)[0m  [1m[34mSELECT "stat_types".* FROM "stat_types" WHERE "stat_types"."category" = $1 AND "stat_types"."name" = $2 LIMIT $3[0m  [["category", "pitching"], ["name", "groundOutsToAirouts"], ["LIMIT", 1]]
  ↳ (eval):1:in `block (2 levels) in run_file'
  [1m[36mStatType Create (0.1ms)[0m  [1m[32mINSERT INTO "stat_types" ("name", "label", "category", "created_at", "updated_at") VALUES ($1, $2, $3, $4, $5) RETURNING "id"[0m  [["name", "groundOutsToAirouts"], ["label", "GO/AO"], ["category", "pitching"], ["created_at", "2026-06-06 06:23:33.523785"], ["updated_at", "2026-06-06 06:23:33.523785"]]
  ↳ (eval):1:in `block (2 levels) in run_file'
  [1m[36mStatType Load (0.0ms)[0m  [1m[34mSELECT "stat_types".* FROM "stat_types" WHERE "stat_types"."category" = $1 AND "stat_types"."name" = $2 LIMIT $3[0m  [["category", "pitching"], ["name", "pitchesPerInning"], ["LIMIT", 1]]
  ↳ (eval):1:in `block (2 levels) in run_file'
  [1m[36mStatType Create (0.1ms)[0m  [1m[32mINSERT INTO "stat_types" ("name", "label", "category", "created_at", "updated_at") VALUES ($1, $2, $3, $4, $5) RETURNING "id"[0m  [["name", "pitchesPerInning"], ["label", "P/IN"], ["category", "pitching"], ["created_at", "2026-06-06 06:23:33.524338"], ["updated_at", "2026-06-06 06:23:33.524338"]]
  ↳ (eval):1:in `block (2 levels) in run_file'
  [1m[36mStatType Load (0.0ms)[0m  [1m[34mSELECT "stat_types".* FROM "stat_types" WHERE "stat_types"."category" = $1 AND "stat_types"."name" = $2 LIMIT $3[0m  [["category", "pitching"], ["name", "rbi"], ["LIMIT", 1]]
  ↳ (eval):1:in `block (2 levels) in run_file'
  [1m[36mStatType Create (0.1ms)[0m  [1m[32mINSERT INTO "stat_types" ("name", "label", "category", "created_at", "updated_at") VALUES ($1, $2, $3, $4, $5) RETURNING "id"[0m  [["name", "rbi"], ["label", "RBI"], ["category", "pitching"], ["created_at", "2026-06-06 06:23:33.524836"], ["updated_at", "2026-06-06 06:23:33.524836"]]
  ↳ (eval):1:in `block (2 levels) in run_file'
  [1m[36mStatType Load (0.0ms)[0m  [1m[34mSELECT "stat_types".* FROM "stat_types" WHERE "stat_types"."category" = $1 AND "stat_types"."name" = $2 LIMIT $3[0m  [["category", "pitching"], ["name", "pitchesThrown"], ["LIMIT", 1]]
  ↳ (eval):1:in `block (2 levels) in run_file'
  [1m[36mStatType Create (0.1ms)[0m  [1m[32mINSERT INTO "stat_types" ("name", "label", "category", "created_at", "updated_at") VALUES ($1, $2, $3, $4, $5) RETURNING "id"[0m  [["name", "pitchesThrown"], ["label", "P"], ["category", "pitching"], ["created_at", "2026-06-06 06:23:33.525317"], ["updated_at", "2026-06-06 06:23:33.525317"]]
  ↳ (eval):1:in `block (2 levels) in run_file'
  [1m[36mStatType Load (0.1ms)[0m  [1m[34mSELECT "stat_types".* FROM "stat_types" WHERE "stat_types"."category" = $1 AND "stat_types"."name" = $2 LIMIT $3[0m  [["category", "pitching"], ["name", "strikeoutWalkRatio"], ["LIMIT", 1]]
  ↳ (eval):1:in `block (2 levels) in run_file'
  [1m[36mStatType Create (0.1ms)[0m  [1m[32mINSERT INTO "stat_types" ("name", "label", "category", "created_at", "updated_at") VALUES ($1, $2, $3, $4, $5) RETURNING "id"[0m  [["name", "strikeoutWalkRatio"], ["label", "K/BB"], ["category", "pitching"], ["created_at", "2026-06-06 06:23:33.525922"], ["updated_at", "2026-06-06 06:23:33.525922"]]
  ↳ (eval):1:in `block (2 levels) in run_file'
  [1m[36mStatType Load (0.0ms)[0m  [1m[34mSELECT "stat_types".* FROM "stat_types" WHERE "stat_types"."category" = $1 AND "stat_types"."name" = $2 LIMIT $3[0m  [["category", "pitching"], ["name", "strikeoutsPer9Inn"], ["LIMIT", 1]]
  ↳ (eval):1:in `block (2 levels) in run_file'
  [1m[36mStatType Create (0.1ms)[0m  [1m[32mINSERT INTO "stat_types" ("name", "label", "category", "created_at", "updated_at") VALUES ($1, $2, $3, $4, $5) RETURNING "id"[0m  [["name", "strikeoutsPer9Inn"], ["label", "K/9"], ["category", "pitching"], ["created_at", "2026-06-06 06:23:33.526548"], ["updated_at", "2026-06-06 06:23:33.526548"]]
  ↳ (eval):1:in `block (2 levels) in run_file'
  [1m[36mStatType Load (0.0ms)[0m  [1m[34mSELECT "stat_types".* FROM "stat_types" WHERE "stat_types"."category" = $1 AND "stat_types"."name" = $2 LIMIT $3[0m  [["category", "pitching"], ["name", "walksPer9Inn"], ["LIMIT", 1]]
  ↳ (eval):1:in `block (2 levels) in run_file'
  [1m[36mStatType Create (0.1ms)[0m  [1m[32mINSERT INTO "stat_types" ("name", "label", "category", "created_at", "updated_at") VALUES ($1, $2, $3, $4, $5) RETURNING "id"[0m  [["name", "walksPer9Inn"], ["label", "BB/9"], ["category", "pitching"], ["created_at", "2026-06-06 06:23:33.527060"], ["updated_at", "2026-06-06 06:23:33.527060"]]
  ↳ (eval):1:in `block (2 levels) in run_file'
  [1m[36mStatType Load (0.0ms)[0m  [1m[34mSELECT "stat_types".* FROM "stat_types" WHERE "stat_types"."category" = $1 AND "stat_types"."name" = $2 LIMIT $3[0m  [["category", "pitching"], ["name", "hitsPer9Inn"], ["LIMIT", 1]]
  ↳ (eval):1:in `block (2 levels) in run_file'
  [1m[36mStatType Create (0.1ms)[0m  [1m[32mINSERT INTO "stat_types" ("name", "label", "category", "created_at", "updated_at") VALUES ($1, $2, $3, $4, $5) RETURNING "id"[0m  [["name", "hitsPer9Inn"], ["label", "H/9"], ["category", "pitching"], ["created_at", "2026-06-06 06:23:33.527565"], ["updated_at", "2026-06-06 06:23:33.527565"]]
  ↳ (eval):1:in `block (2 levels) in run_file'
  [1m[36mStatType Load (0.0ms)[0m  [1m[34mSELECT "stat_types".* FROM "stat_types" WHERE "stat_types"."category" = $1 AND "stat_types"."name" = $2 LIMIT $3[0m  [["category", "pitching"], ["name", "homeRunsPer9"], ["LIMIT", 1]]
  ↳ (eval):1:in `block (2 levels) in run_file'
  [1m[36mStatType Create (0.1ms)[0m  [1m[32mINSERT INTO "stat_types" ("name", "label", "category", "created_at", "updated_at") VALUES ($1, $2, $3, $4, $5) RETURNING "id"[0m  [["name", "homeRunsPer9"], ["label", "HR/9"], ["category", "pitching"], ["created_at", "2026-06-06 06:23:33.528820"], ["updated_at", "2026-06-06 06:23:33.528820"]]
  ↳ (eval):1:in `block (2 levels) in run_file'
  [1m[36mStatType Load (0.0ms)[0m  [1m[34mSELECT "stat_types".* FROM "stat_types" WHERE "stat_types"."category" = $1 AND "stat_types"."name" = $2 LIMIT $3[0m  [["category", "pitching"], ["name", "sacBunts"], ["LIMIT", 1]]
  ↳ (eval):1:in `block (2 levels) in run_file'
  [1m[36mStatType Create (0.1ms)[0m  [1m[32mINSERT INTO "stat_types" ("name", "label", "category", "created_at", "updated_at") VALUES ($1, $2, $3, $4, $5) RETURNING "id"[0m  [["name", "sacBunts"], ["label", "SH"], ["category", "pitching"], ["created_at", "2026-06-06 06:23:33.529353"], ["updated_at", "2026-06-06 06:23:33.529353"]]
  ↳ (eval):1:in `block (2 levels) in run_file'
  [1m[36mStatType Load (0.0ms)[0m  [1m[34mSELECT "stat_types".* FROM "stat_types" WHERE "stat_types"."category" = $1 AND "stat_types"."name" = $2 LIMIT $3[0m  [["category", "pitching"], ["name", "sacFlies"], ["LIMIT", 1]]
  ↳ (eval):1:in `block (2 levels) in run_file'
  [1m[36mStatType Create (0.1ms)[0m  [1m[32mINSERT INTO "stat_types" ("name", "label", "category", "created_at", "updated_at") VALUES ($1, $2, $3, $4, $5) RETURNING "id"[0m  [["name", "sacFlies"], ["label", "SF"], ["category", "pitching"], ["created_at", "2026-06-06 06:23:33.529838"], ["updated_at", "2026-06-06 06:23:33.529838"]]
  ↳ (eval):1:in `block (2 levels) in run_file'
  [1m[36mStatType Load (0.1ms)[0m  [1m[34mSELECT "stat_types".* FROM "stat_types" WHERE "stat_types"."category" = $1 AND "stat_types"."name" = $2 LIMIT $3[0m  [["category", "pitching"], ["name", "velocity"], ["LIMIT", 1]]
  ↳ (eval):1:in `block (2 levels) in run_file'
  [1m[36mStatType Create (0.1ms)[0m  [1m[32mINSERT INTO "stat_types" ("name", "label", "category", "created_at", "updated_at") VALUES ($1, $2, $3, $4, $5) RETURNING "id"[0m  [["name", "velocity"], ["label", "Velo"], ["category", "pitching"], ["created_at", "2026-06-06 06:23:33.530614"], ["updated_at", "2026-06-06 06:23:33.530614"]]
  ↳ (eval):1:in `block (2 levels) in run_file'
  [1m[36mStatType Load (0.0ms)[0m  [1m[34mSELECT "stat_types".* FROM "stat_types" WHERE "stat_types"."category" = $1 AND "stat_types"."name" = $2 LIMIT $3[0m  [["category", "batting"], ["name", "gamesPlayed"], ["LIMIT", 1]]
  ↳ (eval):1:in `block (2 levels) in run_file'
  [1m[36mStatType Create (0.6ms)[0m  [1m[32mINSERT INTO "stat_types" ("name", "label", "category", "created_at", "updated_at") VALUES ($1, $2, $3, $4, $5) RETURNING "id"[0m  [["name", "gamesPlayed"], ["label", "G"], ["category", "batting"], ["created_at", "2026-06-06 06:23:33.531095"], ["updated_at", "2026-06-06 06:23:33.531095"]]
  ↳ (eval):1:in `block (2 levels) in run_file'
  [1m[36mTRANSACTION (0.0ms)[0m  [1m[31mROLLBACK[0m
  [1m[36mActiveRecord::SchemaMigration Load (1.4ms)[0m  [1m[34mSELECT "schema_migrations"."version" FROM "schema_migrations" ORDER BY "schema_migrations"."version" ASC[0m
  [1m[36mActiveRecord::InternalMetadata Load (0.8ms)[0m  [1m[34mSELECT * FROM "ar_internal_metadata" WHERE "ar_internal_metadata"."key" = $1 ORDER BY "ar_internal_metadata"."key" ASC LIMIT 1[0m  [[nil, "environment"]]
  [1m[36mActiveRecord::SchemaMigration Load (0.1ms)[0m  [1m[34mSELECT "schema_migrations"."version" FROM "schema_migrations" ORDER BY "schema_migrations"."version" ASC[0m
  [1m[36mActiveRecord::InternalMetadata Load (0.1ms)[0m  [1m[34mSELECT * FROM "ar_internal_metadata" WHERE "ar_internal_metadata"."key" = $1 ORDER BY "ar_internal_metadata"."key" ASC LIMIT 1[0m  [[nil, "environment"]]
  [1m[36mActiveRecord::SchemaMigration Load (0.1ms)[0m  [1m[34mSELECT "schema_migrations"."version" FROM "schema_migrations" ORDER BY "schema_migrations"."version" ASC[0m
  [1m[36mActiveRecord::InternalMetadata Load (0.1ms)[0m  [1m[34mSELECT * FROM "ar_internal_metadata" WHERE "ar_internal_metadata"."key" = $1 ORDER BY "ar_internal_metadata"."key" ASC LIMIT 1[0m  [[nil, "environment"]]
  [1m[35m (31.9ms)[0m  [1m[35mDROP DATABASE IF EXISTS "backend_development"[0m
  [1m[35m (17.5ms)[0m  [1m[35mDROP DATABASE IF EXISTS "backend_test"[0m
  [1m[35m (260.8ms)[0m  [1m[35mCREATE DATABASE "backend_development" ENCODING = 'unicode'[0m
  [1m[35m (46.6ms)[0m  [1m[35mCREATE DATABASE "backend_test" ENCODING = 'unicode'[0m
  [1m[35mSQL (0.3ms)[0m  [1m[35mCREATE EXTENSION IF NOT EXISTS "plpgsql"[0m
  [1m[35m (0.0ms)[0m  [1m[35mDROP TABLE IF EXISTS "player_season_stats" CASCADE[0m
  [1m[35m (1.1ms)[0m  [1m[35mCREATE TABLE "player_season_stats" ("id" bigserial primary key, "player_id" bigint NOT NULL, "stat_type_id" bigint NOT NULL, "season" integer NOT NULL, "value" decimal(12,4) NOT NULL, "created_at" timestamp(6) NOT NULL, "updated_at" timestamp(6) NOT NULL)[0m
  [1m[35m (0.3ms)[0m  [1m[35mCREATE UNIQUE INDEX "idx_on_player_id_stat_type_id_season_58662b691e" ON "player_season_stats" ("player_id", "stat_type_id", "season")[0m
  [1m[35m (0.3ms)[0m  [1m[35mCREATE INDEX "index_player_season_stats_on_player_id" ON "player_season_stats" ("player_id")[0m
  [1m[35m (0.2ms)[0m  [1m[35mCREATE INDEX "index_player_season_stats_on_stat_type_id" ON "player_season_stats" ("stat_type_id")[0m
  [1m[35m (0.1ms)[0m  [1m[35mDROP TABLE IF EXISTS "player_stats" CASCADE[0m
  [1m[35m (1.3ms)[0m  [1m[35mCREATE TABLE "player_stats" ("id" bigserial primary key, "player_id" character varying NOT NULL, "source_url" character varying NOT NULL, "row_number" integer NOT NULL, "stats_data" jsonb DEFAULT '{}' NOT NULL, "created_at" timestamp(6) NOT NULL, "updated_at" timestamp(6) NOT NULL)[0m
  [1m[35m (0.3ms)[0m  [1m[35mCREATE UNIQUE INDEX "index_player_stats_on_player_id_and_source_url_and_row_number" ON "player_stats" ("player_id", "source_url", "row_number")[0m
  [1m[35m (0.3ms)[0m  [1m[35mCREATE INDEX "index_player_stats_on_player_id_and_source_url" ON "player_stats" ("player_id", "source_url")[0m
  [1m[35m (0.2ms)[0m  [1m[35mDROP TABLE IF EXISTS "players" CASCADE[0m
  [1m[35m (0.9ms)[0m  [1m[35mCREATE TABLE "players" ("id" bigserial primary key, "mlb_id" integer NOT NULL, "first_name" character varying NOT NULL, "last_name" character varying NOT NULL, "team_id" bigint NOT NULL, "created_at" timestamp(6) NOT NULL, "updated_at" timestamp(6) NOT NULL)[0m
  [1m[35m (0.3ms)[0m  [1m[35mCREATE UNIQUE INDEX "index_players_on_mlb_id" ON "players" ("mlb_id")[0m
  [1m[35m (0.2ms)[0m  [1m[35mCREATE INDEX "index_players_on_team_id" ON "players" ("team_id")[0m
  [1m[35m (0.0ms)[0m  [1m[35mDROP TABLE IF EXISTS "stat_types" CASCADE[0m
  [1m[35m (0.9ms)[0m  [1m[35mCREATE TABLE "stat_types" ("id" bigserial primary key, "name" character varying NOT NULL, "label" character varying NOT NULL, "category" character varying NOT NULL, "created_at" timestamp(6) NOT NULL, "updated_at" timestamp(6) NOT NULL)[0m
  [1m[35m (0.2ms)[0m  [1m[35mCREATE UNIQUE INDEX "index_stat_types_on_name" ON "stat_types" ("name")[0m
  [1m[35m (0.2ms)[0m  [1m[35mDROP TABLE IF EXISTS "teams" CASCADE[0m
  [1m[35m (0.7ms)[0m  [1m[35mCREATE TABLE "teams" ("id" bigserial primary key, "mlb_id" integer NOT NULL, "name" character varying NOT NULL, "abbreviation" character varying NOT NULL, "team_name" character varying NOT NULL, "location_name" character varying NOT NULL, "short_name" character varying NOT NULL, "team_code" character varying NOT NULL, "file_code" character varying NOT NULL, "created_at" timestamp(6) NOT NULL, "updated_at" timestamp(6) NOT NULL)[0m
  [1m[35m (0.2ms)[0m  [1m[35mCREATE UNIQUE INDEX "index_teams_on_mlb_id" ON "teams" ("mlb_id")[0m
  [1m[35m (5.7ms)[0m  [1m[35mALTER TABLE "player_season_stats" ADD CONSTRAINT "fk_rails_5ae6203726"
FOREIGN KEY ("player_id")
  REFERENCES "players" ("id")
[0m
  [1m[35m (0.3ms)[0m  [1m[35mALTER TABLE "player_season_stats" ADD CONSTRAINT "fk_rails_357bdaf1f0"
FOREIGN KEY ("stat_type_id")
  REFERENCES "stat_types" ("id")
[0m
  [1m[35m (0.3ms)[0m  [1m[35mALTER TABLE "players" ADD CONSTRAINT "fk_rails_8880a915a5"
FOREIGN KEY ("team_id")
  REFERENCES "teams" ("id")
[0m
  [1m[35m (0.6ms)[0m  [1m[35mCREATE TABLE "schema_migrations" ("version" character varying NOT NULL PRIMARY KEY)[0m
  [1m[36mActiveRecord::SchemaMigration Load (0.1ms)[0m  [1m[34mSELECT "schema_migrations"."version" FROM "schema_migrations" ORDER BY "schema_migrations"."version" ASC[0m
  [1m[35m (0.1ms)[0m  [1m[32mINSERT INTO "schema_migrations" (version) VALUES (20260606000000)[0m
  [1m[35m (0.1ms)[0m  [1m[32mINSERT INTO "schema_migrations" (version) VALUES
(20260603003000),
(20260603002000),
(20260603001000),
(20260603000000);[0m
  [1m[35m (0.6ms)[0m  [1m[35mCREATE TABLE "ar_internal_metadata" ("key" character varying NOT NULL PRIMARY KEY, "value" character varying, "created_at" timestamp(6) NOT NULL, "updated_at" timestamp(6) NOT NULL)[0m
  [1m[36mActiveRecord::InternalMetadata Load (0.2ms)[0m  [1m[34mSELECT * FROM "ar_internal_metadata" WHERE "ar_internal_metadata"."key" = $1 ORDER BY "ar_internal_metadata"."key" ASC LIMIT 1[0m  [[nil, "environment"]]
  [1m[36mActiveRecord::InternalMetadata Create (0.1ms)[0m  [1m[32mINSERT INTO "ar_internal_metadata" ("key", "value", "created_at", "updated_at") VALUES ('environment', 'development', '2026-06-06 06:26:38.294642', '2026-06-06 06:26:38.294643') RETURNING "key"[0m
  [1m[36mActiveRecord::InternalMetadata Load (0.0ms)[0m  [1m[34mSELECT * FROM "ar_internal_metadata" WHERE "ar_internal_metadata"."key" = $1 ORDER BY "ar_internal_metadata"."key" ASC LIMIT 1[0m  [[nil, "environment"]]
  [1m[36mActiveRecord::InternalMetadata Load (0.0ms)[0m  [1m[34mSELECT * FROM "ar_internal_metadata" WHERE "ar_internal_metadata"."key" = $1 ORDER BY "ar_internal_metadata"."key" ASC LIMIT 1[0m  [[nil, "schema_sha1"]]
  [1m[36mActiveRecord::InternalMetadata Create (0.1ms)[0m  [1m[32mINSERT INTO "ar_internal_metadata" ("key", "value", "created_at", "updated_at") VALUES ('schema_sha1', '3ba8db95b7ae762fb60e8dacabe392134f37304f', '2026-06-06 06:26:38.295869', '2026-06-06 06:26:38.295870') RETURNING "key"[0m
  [1m[35mSQL (0.1ms)[0m  [1m[35mCREATE EXTENSION IF NOT EXISTS "plpgsql"[0m
  [1m[35m (0.0ms)[0m  [1m[35mDROP TABLE IF EXISTS "player_season_stats" CASCADE[0m
  [1m[35m (1.3ms)[0m  [1m[35mCREATE TABLE "player_season_stats" ("id" bigserial primary key, "player_id" bigint NOT NULL, "stat_type_id" bigint NOT NULL, "season" integer NOT NULL, "value" decimal(12,4) NOT NULL, "created_at" timestamp(6) NOT NULL, "updated_at" timestamp(6) NOT NULL)[0m
  [1m[35m (0.4ms)[0m  [1m[35mCREATE UNIQUE INDEX "idx_on_player_id_stat_type_id_season_58662b691e" ON "player_season_stats" ("player_id", "stat_type_id", "season")[0m
  [1m[35m (0.2ms)[0m  [1m[35mCREATE INDEX "index_player_season_stats_on_player_id" ON "player_season_stats" ("player_id")[0m
  [1m[35m (0.3ms)[0m  [1m[35mCREATE INDEX "index_player_season_stats_on_stat_type_id" ON "player_season_stats" ("stat_type_id")[0m
  [1m[35m (0.0ms)[0m  [1m[35mDROP TABLE IF EXISTS "player_stats" CASCADE[0m
  [1m[35m (1.0ms)[0m  [1m[35mCREATE TABLE "player_stats" ("id" bigserial primary key, "player_id" character varying NOT NULL, "source_url" character varying NOT NULL, "row_number" integer NOT NULL, "stats_data" jsonb DEFAULT '{}' NOT NULL, "created_at" timestamp(6) NOT NULL, "updated_at" timestamp(6) NOT NULL)[0m
  [1m[35m (0.3ms)[0m  [1m[35mCREATE UNIQUE INDEX "index_player_stats_on_player_id_and_source_url_and_row_number" ON "player_stats" ("player_id", "source_url", "row_number")[0m
  [1m[35m (0.2ms)[0m  [1m[35mCREATE INDEX "index_player_stats_on_player_id_and_source_url" ON "player_stats" ("player_id", "source_url")[0m
  [1m[35m (0.0ms)[0m  [1m[35mDROP TABLE IF EXISTS "players" CASCADE[0m
  [1m[35m (0.6ms)[0m  [1m[35mCREATE TABLE "players" ("id" bigserial primary key, "mlb_id" integer NOT NULL, "first_name" character varying NOT NULL, "last_name" character varying NOT NULL, "team_id" bigint NOT NULL, "created_at" timestamp(6) NOT NULL, "updated_at" timestamp(6) NOT NULL)[0m
  [1m[35m (0.4ms)[0m  [1m[35mCREATE UNIQUE INDEX "index_players_on_mlb_id" ON "players" ("mlb_id")[0m
  [1m[35m (0.2ms)[0m  [1m[35mCREATE INDEX "index_players_on_team_id" ON "players" ("team_id")[0m
  [1m[35m (0.0ms)[0m  [1m[35mDROP TABLE IF EXISTS "stat_types" CASCADE[0m
  [1m[35m (0.7ms)[0m  [1m[35mCREATE TABLE "stat_types" ("id" bigserial primary key, "name" character varying NOT NULL, "label" character varying NOT NULL, "category" character varying NOT NULL, "created_at" timestamp(6) NOT NULL, "updated_at" timestamp(6) NOT NULL)[0m
  [1m[35m (0.2ms)[0m  [1m[35mCREATE UNIQUE INDEX "index_stat_types_on_name" ON "stat_types" ("name")[0m
  [1m[35m (0.0ms)[0m  [1m[35mDROP TABLE IF EXISTS "teams" CASCADE[0m
  [1m[35m (0.6ms)[0m  [1m[35mCREATE TABLE "teams" ("id" bigserial primary key, "mlb_id" integer NOT NULL, "name" character varying NOT NULL, "abbreviation" character varying NOT NULL, "team_name" character varying NOT NULL, "location_name" character varying NOT NULL, "short_name" character varying NOT NULL, "team_code" character varying NOT NULL, "file_code" character varying NOT NULL, "created_at" timestamp(6) NOT NULL, "updated_at" timestamp(6) NOT NULL)[0m
  [1m[35m (0.3ms)[0m  [1m[35mCREATE UNIQUE INDEX "index_teams_on_mlb_id" ON "teams" ("mlb_id")[0m
  [1m[35m (0.9ms)[0m  [1m[35mALTER TABLE "player_season_stats" ADD CONSTRAINT "fk_rails_5ae6203726"
FOREIGN KEY ("player_id")
  REFERENCES "players" ("id")
[0m
  [1m[35m (0.3ms)[0m  [1m[35mALTER TABLE "player_season_stats" ADD CONSTRAINT "fk_rails_357bdaf1f0"
FOREIGN KEY ("stat_type_id")
  REFERENCES "stat_types" ("id")
[0m
  [1m[35m (0.3ms)[0m  [1m[35mALTER TABLE "players" ADD CONSTRAINT "fk_rails_8880a915a5"
FOREIGN KEY ("team_id")
  REFERENCES "teams" ("id")
[0m
  [1m[35m (0.5ms)[0m  [1m[35mCREATE TABLE "schema_migrations" ("version" character varying NOT NULL PRIMARY KEY)[0m
  [1m[36mActiveRecord::SchemaMigration Load (0.1ms)[0m  [1m[34mSELECT "schema_migrations"."version" FROM "schema_migrations" ORDER BY "schema_migrations"."version" ASC[0m
  [1m[35m (0.1ms)[0m  [1m[32mINSERT INTO "schema_migrations" (version) VALUES (20260606000000)[0m
  [1m[35m (0.1ms)[0m  [1m[32mINSERT INTO "schema_migrations" (version) VALUES
(20260603003000),
(20260603002000),
(20260603001000),
(20260603000000);[0m
  [1m[35m (0.5ms)[0m  [1m[35mCREATE TABLE "ar_internal_metadata" ("key" character varying NOT NULL PRIMARY KEY, "value" character varying, "created_at" timestamp(6) NOT NULL, "updated_at" timestamp(6) NOT NULL)[0m
  [1m[36mActiveRecord::InternalMetadata Load (0.2ms)[0m  [1m[34mSELECT * FROM "ar_internal_metadata" WHERE "ar_internal_metadata"."key" = $1 ORDER BY "ar_internal_metadata"."key" ASC LIMIT 1[0m  [[nil, "environment"]]
  [1m[36mActiveRecord::InternalMetadata Create (0.1ms)[0m  [1m[32mINSERT INTO "ar_internal_metadata" ("key", "value", "created_at", "updated_at") VALUES ('environment', 'development', '2026-06-06 06:26:38.319498', '2026-06-06 06:26:38.319499') RETURNING "key"[0m
  [1m[36mActiveRecord::InternalMetadata Load (0.0ms)[0m  [1m[34mSELECT * FROM "ar_internal_metadata" WHERE "ar_internal_metadata"."key" = $1 ORDER BY "ar_internal_metadata"."key" ASC LIMIT 1[0m  [[nil, "environment"]]
  [1m[36mActiveRecord::InternalMetadata Update (0.1ms)[0m  [1m[33mUPDATE "ar_internal_metadata" SET "value" = 'test', "updated_at" = '2026-06-06 06:26:38.320314' WHERE "ar_internal_metadata"."key" = 'environment'[0m
  [1m[36mActiveRecord::InternalMetadata Load (0.0ms)[0m  [1m[34mSELECT * FROM "ar_internal_metadata" WHERE "ar_internal_metadata"."key" = $1 ORDER BY "ar_internal_metadata"."key" ASC LIMIT 1[0m  [[nil, "schema_sha1"]]
  [1m[36mActiveRecord::InternalMetadata Create (0.1ms)[0m  [1m[32mINSERT INTO "ar_internal_metadata" ("key", "value", "created_at", "updated_at") VALUES ('schema_sha1', '3ba8db95b7ae762fb60e8dacabe392134f37304f', '2026-06-06 06:26:38.320957', '2026-06-06 06:26:38.320957') RETURNING "key"[0m
  [1m[36mActiveRecord::SchemaMigration Load (0.1ms)[0m  [1m[34mSELECT "schema_migrations"."version" FROM "schema_migrations" ORDER BY "schema_migrations"."version" ASC[0m
  [1m[36mTRANSACTION (0.0ms)[0m  [1m[35mBEGIN[0m
  ↳ (eval):1:in `block (2 levels) in run_file'
  [1m[36mStatType Load (0.1ms)[0m  [1m[34mSELECT "stat_types".* FROM "stat_types" WHERE "stat_types"."category" = $1 AND "stat_types"."name" = $2 LIMIT $3[0m  [["category", "pitching"], ["name", "W"], ["LIMIT", 1]]
  ↳ (eval):1:in `block (2 levels) in run_file'
  [1m[36mStatType Create (0.2ms)[0m  [1m[32mINSERT INTO "stat_types" ("name", "label", "category", "created_at", "updated_at") VALUES ($1, $2, $3, $4, $5) RETURNING "id"[0m  [["name", "W"], ["label", "W"], ["category", "pitching"], ["created_at", "2026-06-06 06:26:38.348048"], ["updated_at", "2026-06-06 06:26:38.348048"]]
  ↳ (eval):1:in `block (2 levels) in run_file'
  [1m[36mStatType Load (0.1ms)[0m  [1m[34mSELECT "stat_types".* FROM "stat_types" WHERE "stat_types"."category" = $1 AND "stat_types"."name" = $2 LIMIT $3[0m  [["category", "pitching"], ["name", "L"], ["LIMIT", 1]]
  ↳ (eval):1:in `block (2 levels) in run_file'
  [1m[36mStatType Create (0.1ms)[0m  [1m[32mINSERT INTO "stat_types" ("name", "label", "category", "created_at", "updated_at") VALUES ($1, $2, $3, $4, $5) RETURNING "id"[0m  [["name", "L"], ["label", "L"], ["category", "pitching"], ["created_at", "2026-06-06 06:26:38.349468"], ["updated_at", "2026-06-06 06:26:38.349468"]]
  ↳ (eval):1:in `block (2 levels) in run_file'
  [1m[36mStatType Load (0.0ms)[0m  [1m[34mSELECT "stat_types".* FROM "stat_types" WHERE "stat_types"."category" = $1 AND "stat_types"."name" = $2 LIMIT $3[0m  [["category", "pitching"], ["name", "SV"], ["LIMIT", 1]]
  ↳ (eval):1:in `block (2 levels) in run_file'
  [1m[36mStatType Create (0.0ms)[0m  [1m[32mINSERT INTO "stat_types" ("name", "label", "category", "created_at", "updated_at") VALUES ($1, $2, $3, $4, $5) RETURNING "id"[0m  [["name", "SV"], ["label", "SV"], ["category", "pitching"], ["created_at", "2026-06-06 06:26:38.350158"], ["updated_at", "2026-06-06 06:26:38.350158"]]
  ↳ (eval):1:in `block (2 levels) in run_file'
  [1m[36mStatType Load (0.0ms)[0m  [1m[34mSELECT "stat_types".* FROM "stat_types" WHERE "stat_types"."category" = $1 AND "stat_types"."name" = $2 LIMIT $3[0m  [["category", "pitching"], ["name", "IP"], ["LIMIT", 1]]
  ↳ (eval):1:in `block (2 levels) in run_file'
  [1m[36mStatType Create (0.0ms)[0m  [1m[32mINSERT INTO "stat_types" ("name", "label", "category", "created_at", "updated_at") VALUES ($1, $2, $3, $4, $5) RETURNING "id"[0m  [["name", "IP"], ["label", "IP"], ["category", "pitching"], ["created_at", "2026-06-06 06:26:38.350888"], ["updated_at", "2026-06-06 06:26:38.350888"]]
  ↳ (eval):1:in `block (2 levels) in run_file'
  [1m[36mStatType Load (0.0ms)[0m  [1m[34mSELECT "stat_types".* FROM "stat_types" WHERE "stat_types"."category" = $1 AND "stat_types"."name" = $2 LIMIT $3[0m  [["category", "pitching"], ["name", "SO"], ["LIMIT", 1]]
  ↳ (eval):1:in `block (2 levels) in run_file'
  [1m[36mStatType Create (0.0ms)[0m  [1m[32mINSERT INTO "stat_types" ("name", "label", "category", "created_at", "updated_at") VALUES ($1, $2, $3, $4, $5) RETURNING "id"[0m  [["name", "SO"], ["label", "SO"], ["category", "pitching"], ["created_at", "2026-06-06 06:26:38.351513"], ["updated_at", "2026-06-06 06:26:38.351513"]]
  ↳ (eval):1:in `block (2 levels) in run_file'
  [1m[36mStatType Load (0.0ms)[0m  [1m[34mSELECT "stat_types".* FROM "stat_types" WHERE "stat_types"."category" = $1 AND "stat_types"."name" = $2 LIMIT $3[0m  [["category", "pitching"], ["name", "TBF"], ["LIMIT", 1]]
  ↳ (eval):1:in `block (2 levels) in run_file'
  [1m[36mStatType Create (0.0ms)[0m  [1m[32mINSERT INTO "stat_types" ("name", "label", "category", "created_at", "updated_at") VALUES ($1, $2, $3, $4, $5) RETURNING "id"[0m  [["name", "TBF"], ["label", "TBF"], ["category", "pitching"], ["created_at", "2026-06-06 06:26:38.352141"], ["updated_at", "2026-06-06 06:26:38.352141"]]
  ↳ (eval):1:in `block (2 levels) in run_file'
  [1m[36mStatType Load (0.0ms)[0m  [1m[34mSELECT "stat_types".* FROM "stat_types" WHERE "stat_types"."category" = $1 AND "stat_types"."name" = $2 LIMIT $3[0m  [["category", "pitching"], ["name", "AVG"], ["LIMIT", 1]]
  ↳ (eval):1:in `block (2 levels) in run_file'
  [1m[36mStatType Create (0.0ms)[0m  [1m[32mINSERT INTO "stat_types" ("name", "label", "category", "created_at", "updated_at") VALUES ($1, $2, $3, $4, $5) RETURNING "id"[0m  [["name", "AVG"], ["label", "AVG"], ["category", "pitching"], ["created_at", "2026-06-06 06:26:38.352876"], ["updated_at", "2026-06-06 06:26:38.352876"]]
  ↳ (eval):1:in `block (2 levels) in run_file'
  [1m[36mStatType Load (0.0ms)[0m  [1m[34mSELECT "stat_types".* FROM "stat_types" WHERE "stat_types"."category" = $1 AND "stat_types"."name" = $2 LIMIT $3[0m  [["category", "pitching"], ["name", "K/9"], ["LIMIT", 1]]
  ↳ (eval):1:in `block (2 levels) in run_file'
  [1m[36mStatType Create (0.0ms)[0m  [1m[32mINSERT INTO "stat_types" ("name", "label", "category", "created_at", "updated_at") VALUES ($1, $2, $3, $4, $5) RETURNING "id"[0m  [["name", "K/9"], ["label", "K/9"], ["category", "pitching"], ["created_at", "2026-06-06 06:26:38.353532"], ["updated_at", "2026-06-06 06:26:38.353532"]]
  ↳ (eval):1:in `block (2 levels) in run_file'
  [1m[36mStatType Load (0.0ms)[0m  [1m[34mSELECT "stat_types".* FROM "stat_types" WHERE "stat_types"."category" = $1 AND "stat_types"."name" = $2 LIMIT $3[0m  [["category", "pitching"], ["name", "BB/9"], ["LIMIT", 1]]
  ↳ (eval):1:in `block (2 levels) in run_file'
  [1m[36mStatType Create (0.0ms)[0m  [1m[32mINSERT INTO "stat_types" ("name", "label", "category", "created_at", "updated_at") VALUES ($1, $2, $3, $4, $5) RETURNING "id"[0m  [["name", "BB/9"], ["label", "BB/9"], ["category", "pitching"], ["created_at", "2026-06-06 06:26:38.354193"], ["updated_at", "2026-06-06 06:26:38.354193"]]
  ↳ (eval):1:in `block (2 levels) in run_file'
  [1m[36mStatType Load (0.0ms)[0m  [1m[34mSELECT "stat_types".* FROM "stat_types" WHERE "stat_types"."category" = $1 AND "stat_types"."name" = $2 LIMIT $3[0m  [["category", "pitching"], ["name", "K/BB"], ["LIMIT", 1]]
  ↳ (eval):1:in `block (2 levels) in run_file'
  [1m[36mStatType Create (0.0ms)[0m  [1m[32mINSERT INTO "stat_types" ("name", "label", "category", "created_at", "updated_at") VALUES ($1, $2, $3, $4, $5) RETURNING "id"[0m  [["name", "K/BB"], ["label", "K/BB"], ["category", "pitching"], ["created_at", "2026-06-06 06:26:38.354843"], ["updated_at", "2026-06-06 06:26:38.354843"]]
  ↳ (eval):1:in `block (2 levels) in run_file'
  [1m[36mStatType Load (0.0ms)[0m  [1m[34mSELECT "stat_types".* FROM "stat_types" WHERE "stat_types"."category" = $1 AND "stat_types"."name" = $2 LIMIT $3[0m  [["category", "pitching"], ["name", "HR/9"], ["LIMIT", 1]]
  ↳ (eval):1:in `block (2 levels) in run_file'
  [1m[36mStatType Create (0.0ms)[0m  [1m[32mINSERT INTO "stat_types" ("name", "label", "category", "created_at", "updated_at") VALUES ($1, $2, $3, $4, $5) RETURNING "id"[0m  [["name", "HR/9"], ["label", "HR/9"], ["category", "pitching"], ["created_at", "2026-06-06 06:26:38.355510"], ["updated_at", "2026-06-06 06:26:38.355510"]]
  ↳ (eval):1:in `block (2 levels) in run_file'
  [1m[36mStatType Load (0.0ms)[0m  [1m[34mSELECT "stat_types".* FROM "stat_types" WHERE "stat_types"."category" = $1 AND "stat_types"."name" = $2 LIMIT $3[0m  [["category", "pitching"], ["name", "K%"], ["LIMIT", 1]]
  ↳ (eval):1:in `block (2 levels) in run_file'
  [1m[36mStatType Create (0.0ms)[0m  [1m[32mINSERT INTO "stat_types" ("name", "label", "category", "created_at", "updated_at") VALUES ($1, $2, $3, $4, $5) RETURNING "id"[0m  [["name", "K%"], ["label", "K%"], ["category", "pitching"], ["created_at", "2026-06-06 06:26:38.356247"], ["updated_at", "2026-06-06 06:26:38.356247"]]
  ↳ (eval):1:in `block (2 levels) in run_file'
  [1m[36mStatType Load (0.0ms)[0m  [1m[34mSELECT "stat_types".* FROM "stat_types" WHERE "stat_types"."category" = $1 AND "stat_types"."name" = $2 LIMIT $3[0m  [["category", "pitching"], ["name", "BB%"], ["LIMIT", 1]]
  ↳ (eval):1:in `block (2 levels) in run_file'
  [1m[36mStatType Create (0.0ms)[0m  [1m[32mINSERT INTO "stat_types" ("name", "label", "category", "created_at", "updated_at") VALUES ($1, $2, $3, $4, $5) RETURNING "id"[0m  [["name", "BB%"], ["label", "BB%"], ["category", "pitching"], ["created_at", "2026-06-06 06:26:38.356897"], ["updated_at", "2026-06-06 06:26:38.356897"]]
  ↳ (eval):1:in `block (2 levels) in run_file'
  [1m[36mStatType Load (0.0ms)[0m  [1m[34mSELECT "stat_types".* FROM "stat_types" WHERE "stat_types"."category" = $1 AND "stat_types"."name" = $2 LIMIT $3[0m  [["category", "pitching"], ["name", "K-BB%"], ["LIMIT", 1]]
  ↳ (eval):1:in `block (2 levels) in run_file'
  [1m[36mStatType Create (0.0ms)[0m  [1m[32mINSERT INTO "stat_types" ("name", "label", "category", "created_at", "updated_at") VALUES ($1, $2, $3, $4, $5) RETURNING "id"[0m  [["name", "K-BB%"], ["label", "K-BB%"], ["category", "pitching"], ["created_at", "2026-06-06 06:26:38.357514"], ["updated_at", "2026-06-06 06:26:38.357514"]]
  ↳ (eval):1:in `block (2 levels) in run_file'
  [1m[36mStatType Load (0.0ms)[0m  [1m[34mSELECT "stat_types".* FROM "stat_types" WHERE "stat_types"."category" = $1 AND "stat_types"."name" = $2 LIMIT $3[0m  [["category", "pitching"], ["name", "WHIP"], ["LIMIT", 1]]
  ↳ (eval):1:in `block (2 levels) in run_file'
  [1m[36mStatType Create (0.0ms)[0m  [1m[32mINSERT INTO "stat_types" ("name", "label", "category", "created_at", "updated_at") VALUES ($1, $2, $3, $4, $5) RETURNING "id"[0m  [["name", "WHIP"], ["label", "WHIP"], ["category", "pitching"], ["created_at", "2026-06-06 06:26:38.358176"], ["updated_at", "2026-06-06 06:26:38.358176"]]
  ↳ (eval):1:in `block (2 levels) in run_file'
  [1m[36mStatType Load (0.0ms)[0m  [1m[34mSELECT "stat_types".* FROM "stat_types" WHERE "stat_types"."category" = $1 AND "stat_types"."name" = $2 LIMIT $3[0m  [["category", "pitching"], ["name", "BABIP"], ["LIMIT", 1]]
  ↳ (eval):1:in `block (2 levels) in run_file'
  [1m[36mStatType Create (0.1ms)[0m  [1m[32mINSERT INTO "stat_types" ("name", "label", "category", "created_at", "updated_at") VALUES ($1, $2, $3, $4, $5) RETURNING "id"[0m  [["name", "BABIP"], ["label", "BABIP"], ["category", "pitching"], ["created_at", "2026-06-06 06:26:38.358848"], ["updated_at", "2026-06-06 06:26:38.358848"]]
  ↳ (eval):1:in `block (2 levels) in run_file'
  [1m[36mStatType Load (0.0ms)[0m  [1m[34mSELECT "stat_types".* FROM "stat_types" WHERE "stat_types"."category" = $1 AND "stat_types"."name" = $2 LIMIT $3[0m  [["category", "pitching"], ["name", "LOB%"], ["LIMIT", 1]]
  ↳ (eval):1:in `block (2 levels) in run_file'
  [1m[36mStatType Create (0.0ms)[0m  [1m[32mINSERT INTO "stat_types" ("name", "label", "category", "created_at", "updated_at") VALUES ($1, $2, $3, $4, $5) RETURNING "id"[0m  [["name", "LOB%"], ["label", "LOB%"], ["category", "pitching"], ["created_at", "2026-06-06 06:26:38.359469"], ["updated_at", "2026-06-06 06:26:38.359469"]]
  ↳ (eval):1:in `block (2 levels) in run_file'
  [1m[36mStatType Load (0.0ms)[0m  [1m[34mSELECT "stat_types".* FROM "stat_types" WHERE "stat_types"."category" = $1 AND "stat_types"."name" = $2 LIMIT $3[0m  [["category", "pitching"], ["name", "xFIP"], ["LIMIT", 1]]
  ↳ (eval):1:in `block (2 levels) in run_file'
  [1m[36mStatType Create (0.0ms)[0m  [1m[32mINSERT INTO "stat_types" ("name", "label", "category", "created_at", "updated_at") VALUES ($1, $2, $3, $4, $5) RETURNING "id"[0m  [["name", "xFIP"], ["label", "xFIP"], ["category", "pitching"], ["created_at", "2026-06-06 06:26:38.360140"], ["updated_at", "2026-06-06 06:26:38.360140"]]
  ↳ (eval):1:in `block (2 levels) in run_file'
  [1m[36mStatType Load (0.0ms)[0m  [1m[34mSELECT "stat_types".* FROM "stat_types" WHERE "stat_types"."category" = $1 AND "stat_types"."name" = $2 LIMIT $3[0m  [["category", "pitching"], ["name", "FIP"], ["LIMIT", 1]]
  ↳ (eval):1:in `block (2 levels) in run_file'
  [1m[36mStatType Create (0.0ms)[0m  [1m[32mINSERT INTO "stat_types" ("name", "label", "category", "created_at", "updated_at") VALUES ($1, $2, $3, $4, $5) RETURNING "id"[0m  [["name", "FIP"], ["label", "FIP"], ["category", "pitching"], ["created_at", "2026-06-06 06:26:38.360743"], ["updated_at", "2026-06-06 06:26:38.360743"]]
  ↳ (eval):1:in `block (2 levels) in run_file'
  [1m[36mStatType Load (0.0ms)[0m  [1m[34mSELECT "stat_types".* FROM "stat_types" WHERE "stat_types"."category" = $1 AND "stat_types"."name" = $2 LIMIT $3[0m  [["category", "pitching"], ["name", "hits"], ["LIMIT", 1]]
  ↳ (eval):1:in `block (2 levels) in run_file'
  [1m[36mStatType Create (0.0ms)[0m  [1m[32mINSERT INTO "stat_types" ("name", "label", "category", "created_at", "updated_at") VALUES ($1, $2, $3, $4, $5) RETURNING "id"[0m  [["name", "hits"], ["label", "H"], ["category", "pitching"], ["created_at", "2026-06-06 06:26:38.361356"], ["updated_at", "2026-06-06 06:26:38.361356"]]
  ↳ (eval):1:in `block (2 levels) in run_file'
  [1m[36mStatType Load (0.0ms)[0m  [1m[34mSELECT "stat_types".* FROM "stat_types" WHERE "stat_types"."category" = $1 AND "stat_types"."name" = $2 LIMIT $3[0m  [["category", "pitching"], ["name", "H"], ["LIMIT", 1]]
  ↳ (eval):1:in `block (2 levels) in run_file'
  [1m[36mStatType Create (0.1ms)[0m  [1m[32mINSERT INTO "stat_types" ("name", "label", "category", "created_at", "updated_at") VALUES ($1, $2, $3, $4, $5) RETURNING "id"[0m  [["name", "H"], ["label", "H"], ["category", "pitching"], ["created_at", "2026-06-06 06:26:38.362057"], ["updated_at", "2026-06-06 06:26:38.362057"]]
  ↳ (eval):1:in `block (2 levels) in run_file'
  [1m[36mStatType Load (0.0ms)[0m  [1m[34mSELECT "stat_types".* FROM "stat_types" WHERE "stat_types"."category" = $1 AND "stat_types"."name" = $2 LIMIT $3[0m  [["category", "pitching"], ["name", "2B"], ["LIMIT", 1]]
  ↳ (eval):1:in `block (2 levels) in run_file'
  [1m[36mStatType Create (0.0ms)[0m  [1m[32mINSERT INTO "stat_types" ("name", "label", "category", "created_at", "updated_at") VALUES ($1, $2, $3, $4, $5) RETURNING "id"[0m  [["name", "2B"], ["label", "2B"], ["category", "pitching"], ["created_at", "2026-06-06 06:26:38.362676"], ["updated_at", "2026-06-06 06:26:38.362676"]]
  ↳ (eval):1:in `block (2 levels) in run_file'
  [1m[36mStatType Load (0.0ms)[0m  [1m[34mSELECT "stat_types".* FROM "stat_types" WHERE "stat_types"."category" = $1 AND "stat_types"."name" = $2 LIMIT $3[0m  [["category", "pitching"], ["name", "3B"], ["LIMIT", 1]]
  ↳ (eval):1:in `block (2 levels) in run_file'
  [1m[36mStatType Create (0.0ms)[0m  [1m[32mINSERT INTO "stat_types" ("name", "label", "category", "created_at", "updated_at") VALUES ($1, $2, $3, $4, $5) RETURNING "id"[0m  [["name", "3B"], ["label", "3B"], ["category", "pitching"], ["created_at", "2026-06-06 06:26:38.363273"], ["updated_at", "2026-06-06 06:26:38.363273"]]
  ↳ (eval):1:in `block (2 levels) in run_file'
  [1m[36mStatType Load (0.0ms)[0m  [1m[34mSELECT "stat_types".* FROM "stat_types" WHERE "stat_types"."category" = $1 AND "stat_types"."name" = $2 LIMIT $3[0m  [["category", "pitching"], ["name", "runs"], ["LIMIT", 1]]
  ↳ (eval):1:in `block (2 levels) in run_file'
  [1m[36mStatType Create (0.0ms)[0m  [1m[32mINSERT INTO "stat_types" ("name", "label", "category", "created_at", "updated_at") VALUES ($1, $2, $3, $4, $5) RETURNING "id"[0m  [["name", "runs"], ["label", "R"], ["category", "pitching"], ["created_at", "2026-06-06 06:26:38.363923"], ["updated_at", "2026-06-06 06:26:38.363923"]]
  ↳ (eval):1:in `block (2 levels) in run_file'
  [1m[36mStatType Load (0.0ms)[0m  [1m[34mSELECT "stat_types".* FROM "stat_types" WHERE "stat_types"."category" = $1 AND "stat_types"."name" = $2 LIMIT $3[0m  [["category", "pitching"], ["name", "R"], ["LIMIT", 1]]
  ↳ (eval):1:in `block (2 levels) in run_file'
  [1m[36mStatType Create (0.0ms)[0m  [1m[32mINSERT INTO "stat_types" ("name", "label", "category", "created_at", "updated_at") VALUES ($1, $2, $3, $4, $5) RETURNING "id"[0m  [["name", "R"], ["label", "R"], ["category", "pitching"], ["created_at", "2026-06-06 06:26:38.364517"], ["updated_at", "2026-06-06 06:26:38.364517"]]
  ↳ (eval):1:in `block (2 levels) in run_file'
  [1m[36mStatType Load (0.0ms)[0m  [1m[34mSELECT "stat_types".* FROM "stat_types" WHERE "stat_types"."category" = $1 AND "stat_types"."name" = $2 LIMIT $3[0m  [["category", "pitching"], ["name", "ER"], ["LIMIT", 1]]
  ↳ (eval):1:in `block (2 levels) in run_file'
  [1m[36mStatType Create (0.0ms)[0m  [1m[32mINSERT INTO "stat_types" ("name", "label", "category", "created_at", "updated_at") VALUES ($1, $2, $3, $4, $5) RETURNING "id"[0m  [["name", "ER"], ["label", "ER"], ["category", "pitching"], ["created_at", "2026-06-06 06:26:38.365110"], ["updated_at", "2026-06-06 06:26:38.365110"]]
  ↳ (eval):1:in `block (2 levels) in run_file'
  [1m[36mStatType Load (0.0ms)[0m  [1m[34mSELECT "stat_types".* FROM "stat_types" WHERE "stat_types"."category" = $1 AND "stat_types"."name" = $2 LIMIT $3[0m  [["category", "pitching"], ["name", "homeRuns"], ["LIMIT", 1]]
  ↳ (eval):1:in `block (2 levels) in run_file'
  [1m[36mStatType Create (0.0ms)[0m  [1m[32mINSERT INTO "stat_types" ("name", "label", "category", "created_at", "updated_at") VALUES ($1, $2, $3, $4, $5) RETURNING "id"[0m  [["name", "homeRuns"], ["label", "HR"], ["category", "pitching"], ["created_at", "2026-06-06 06:26:38.365772"], ["updated_at", "2026-06-06 06:26:38.365772"]]
  ↳ (eval):1:in `block (2 levels) in run_file'
  [1m[36mStatType Load (0.0ms)[0m  [1m[34mSELECT "stat_types".* FROM "stat_types" WHERE "stat_types"."category" = $1 AND "stat_types"."name" = $2 LIMIT $3[0m  [["category", "pitching"], ["name", "HR"], ["LIMIT", 1]]
  ↳ (eval):1:in `block (2 levels) in run_file'
  [1m[36mStatType Create (0.0ms)[0m  [1m[32mINSERT INTO "stat_types" ("name", "label", "category", "created_at", "updated_at") VALUES ($1, $2, $3, $4, $5) RETURNING "id"[0m  [["name", "HR"], ["label", "HR"], ["category", "pitching"], ["created_at", "2026-06-06 06:26:38.366330"], ["updated_at", "2026-06-06 06:26:38.366330"]]
  ↳ (eval):1:in `block (2 levels) in run_file'
  [1m[36mStatType Load (0.0ms)[0m  [1m[34mSELECT "stat_types".* FROM "stat_types" WHERE "stat_types"."category" = $1 AND "stat_types"."name" = $2 LIMIT $3[0m  [["category", "pitching"], ["name", "BB"], ["LIMIT", 1]]
  ↳ (eval):1:in `block (2 levels) in run_file'
  [1m[36mStatType Create (0.0ms)[0m  [1m[32mINSERT INTO "stat_types" ("name", "label", "category", "created_at", "updated_at") VALUES ($1, $2, $3, $4, $5) RETURNING "id"[0m  [["name", "BB"], ["label", "BB"], ["category", "pitching"], ["created_at", "2026-06-06 06:26:38.366914"], ["updated_at", "2026-06-06 06:26:38.366914"]]
  ↳ (eval):1:in `block (2 levels) in run_file'
  [1m[36mStatType Load (0.0ms)[0m  [1m[34mSELECT "stat_types".* FROM "stat_types" WHERE "stat_types"."category" = $1 AND "stat_types"."name" = $2 LIMIT $3[0m  [["category", "pitching"], ["name", "baseOnBalls"], ["LIMIT", 1]]
  ↳ (eval):1:in `block (2 levels) in run_file'
  [1m[36mStatType Create (0.0ms)[0m  [1m[32mINSERT INTO "stat_types" ("name", "label", "category", "created_at", "updated_at") VALUES ($1, $2, $3, $4, $5) RETURNING "id"[0m  [["name", "baseOnBalls"], ["label", "BB"], ["category", "pitching"], ["created_at", "2026-06-06 06:26:38.367593"], ["updated_at", "2026-06-06 06:26:38.367593"]]
  ↳ (eval):1:in `block (2 levels) in run_file'
  [1m[36mStatType Load (0.0ms)[0m  [1m[34mSELECT "stat_types".* FROM "stat_types" WHERE "stat_types"."category" = $1 AND "stat_types"."name" = $2 LIMIT $3[0m  [["category", "pitching"], ["name", "IBB"], ["LIMIT", 1]]
  ↳ (eval):1:in `block (2 levels) in run_file'
  [1m[36mStatType Create (0.0ms)[0m  [1m[32mINSERT INTO "stat_types" ("name", "label", "category", "created_at", "updated_at") VALUES ($1, $2, $3, $4, $5) RETURNING "id"[0m  [["name", "IBB"], ["label", "IBB"], ["category", "pitching"], ["created_at", "2026-06-06 06:26:38.368151"], ["updated_at", "2026-06-06 06:26:38.368151"]]
  ↳ (eval):1:in `block (2 levels) in run_file'
  [1m[36mStatType Load (0.0ms)[0m  [1m[34mSELECT "stat_types".* FROM "stat_types" WHERE "stat_types"."category" = $1 AND "stat_types"."name" = $2 LIMIT $3[0m  [["category", "pitching"], ["name", "HBP"], ["LIMIT", 1]]
  ↳ (eval):1:in `block (2 levels) in run_file'
  [1m[36mStatType Create (0.0ms)[0m  [1m[32mINSERT INTO "stat_types" ("name", "label", "category", "created_at", "updated_at") VALUES ($1, $2, $3, $4, $5) RETURNING "id"[0m  [["name", "HBP"], ["label", "HBP"], ["category", "pitching"], ["created_at", "2026-06-06 06:26:38.368705"], ["updated_at", "2026-06-06 06:26:38.368705"]]
  ↳ (eval):1:in `block (2 levels) in run_file'
  [1m[36mStatType Load (0.0ms)[0m  [1m[34mSELECT "stat_types".* FROM "stat_types" WHERE "stat_types"."category" = $1 AND "stat_types"."name" = $2 LIMIT $3[0m  [["category", "pitching"], ["name", "OBP"], ["LIMIT", 1]]
  ↳ (eval):1:in `block (2 levels) in run_file'
  [1m[36mStatType Create (0.0ms)[0m  [1m[32mINSERT INTO "stat_types" ("name", "label", "category", "created_at", "updated_at") VALUES ($1, $2, $3, $4, $5) RETURNING "id"[0m  [["name", "OBP"], ["label", "OBP"], ["category", "pitching"], ["created_at", "2026-06-06 06:26:38.369358"], ["updated_at", "2026-06-06 06:26:38.369358"]]
  ↳ (eval):1:in `block (2 levels) in run_file'
  [1m[36mStatType Load (0.0ms)[0m  [1m[34mSELECT "stat_types".* FROM "stat_types" WHERE "stat_types"."category" = $1 AND "stat_types"."name" = $2 LIMIT $3[0m  [["category", "pitching"], ["name", "obp"], ["LIMIT", 1]]
  ↳ (eval):1:in `block (2 levels) in run_file'
  [1m[36mStatType Create (0.0ms)[0m  [1m[32mINSERT INTO "stat_types" ("name", "label", "category", "created_at", "updated_at") VALUES ($1, $2, $3, $4, $5) RETURNING "id"[0m  [["name", "obp"], ["label", "OBP"], ["category", "pitching"], ["created_at", "2026-06-06 06:26:38.369909"], ["updated_at", "2026-06-06 06:26:38.369909"]]
  ↳ (eval):1:in `block (2 levels) in run_file'
  [1m[36mStatType Load (0.0ms)[0m  [1m[34mSELECT "stat_types".* FROM "stat_types" WHERE "stat_types"."category" = $1 AND "stat_types"."name" = $2 LIMIT $3[0m  [["category", "pitching"], ["name", "SLG"], ["LIMIT", 1]]
  ↳ (eval):1:in `block (2 levels) in run_file'
  [1m[36mStatType Create (0.0ms)[0m  [1m[32mINSERT INTO "stat_types" ("name", "label", "category", "created_at", "updated_at") VALUES ($1, $2, $3, $4, $5) RETURNING "id"[0m  [["name", "SLG"], ["label", "SLG"], ["category", "pitching"], ["created_at", "2026-06-06 06:26:38.370520"], ["updated_at", "2026-06-06 06:26:38.370520"]]
  ↳ (eval):1:in `block (2 levels) in run_file'
  [1m[36mStatType Load (0.0ms)[0m  [1m[34mSELECT "stat_types".* FROM "stat_types" WHERE "stat_types"."category" = $1 AND "stat_types"."name" = $2 LIMIT $3[0m  [["category", "pitching"], ["name", "slg"], ["LIMIT", 1]]
  ↳ (eval):1:in `block (2 levels) in run_file'
  [1m[36mStatType Create (0.0ms)[0m  [1m[32mINSERT INTO "stat_types" ("name", "label", "category", "created_at", "updated_at") VALUES ($1, $2, $3, $4, $5) RETURNING "id"[0m  [["name", "slg"], ["label", "SLG"], ["category", "pitching"], ["created_at", "2026-06-06 06:26:38.371038"], ["updated_at", "2026-06-06 06:26:38.371038"]]
  ↳ (eval):1:in `block (2 levels) in run_file'
  [1m[36mStatType Load (0.0ms)[0m  [1m[34mSELECT "stat_types".* FROM "stat_types" WHERE "stat_types"."category" = $1 AND "stat_types"."name" = $2 LIMIT $3[0m  [["category", "pitching"], ["name", "ERA"], ["LIMIT", 1]]
  ↳ (eval):1:in `block (2 levels) in run_file'
  [1m[36mStatType Create (0.0ms)[0m  [1m[32mINSERT INTO "stat_types" ("name", "label", "category", "created_at", "updated_at") VALUES ($1, $2, $3, $4, $5) RETURNING "id"[0m  [["name", "ERA"], ["label", "ERA"], ["category", "pitching"], ["created_at", "2026-06-06 06:26:38.371553"], ["updated_at", "2026-06-06 06:26:38.371553"]]
  ↳ (eval):1:in `block (2 levels) in run_file'
  [1m[36mStatType Load (0.0ms)[0m  [1m[34mSELECT "stat_types".* FROM "stat_types" WHERE "stat_types"."category" = $1 AND "stat_types"."name" = $2 LIMIT $3[0m  [["category", "pitching"], ["name", "wOBA"], ["LIMIT", 1]]
  ↳ (eval):1:in `block (2 levels) in run_file'
  [1m[36mStatType Create (0.0ms)[0m  [1m[32mINSERT INTO "stat_types" ("name", "label", "category", "created_at", "updated_at") VALUES ($1, $2, $3, $4, $5) RETURNING "id"[0m  [["name", "wOBA"], ["label", "wOBA"], ["category", "pitching"], ["created_at", "2026-06-06 06:26:38.372146"], ["updated_at", "2026-06-06 06:26:38.372146"]]
  ↳ (eval):1:in `block (2 levels) in run_file'
  [1m[36mStatType Load (0.0ms)[0m  [1m[34mSELECT "stat_types".* FROM "stat_types" WHERE "stat_types"."category" = $1 AND "stat_types"."name" = $2 LIMIT $3[0m  [["category", "pitching"], ["name", "G"], ["LIMIT", 1]]
  ↳ (eval):1:in `block (2 levels) in run_file'
  [1m[36mStatType Create (0.0ms)[0m  [1m[32mINSERT INTO "stat_types" ("name", "label", "category", "created_at", "updated_at") VALUES ($1, $2, $3, $4, $5) RETURNING "id"[0m  [["name", "G"], ["label", "G"], ["category", "pitching"], ["created_at", "2026-06-06 06:26:38.372666"], ["updated_at", "2026-06-06 06:26:38.372666"]]
  ↳ (eval):1:in `block (2 levels) in run_file'
  [1m[36mStatType Load (0.0ms)[0m  [1m[34mSELECT "stat_types".* FROM "stat_types" WHERE "stat_types"."category" = $1 AND "stat_types"."name" = $2 LIMIT $3[0m  [["category", "pitching"], ["name", "GS"], ["LIMIT", 1]]
  ↳ (eval):1:in `block (2 levels) in run_file'
  [1m[36mStatType Create (0.0ms)[0m  [1m[32mINSERT INTO "stat_types" ("name", "label", "category", "created_at", "updated_at") VALUES ($1, $2, $3, $4, $5) RETURNING "id"[0m  [["name", "GS"], ["label", "GS"], ["category", "pitching"], ["created_at", "2026-06-06 06:26:38.373237"], ["updated_at", "2026-06-06 06:26:38.373237"]]
  ↳ (eval):1:in `block (2 levels) in run_file'
  [1m[36mStatType Load (0.0ms)[0m  [1m[34mSELECT "stat_types".* FROM "stat_types" WHERE "stat_types"."category" = $1 AND "stat_types"."name" = $2 LIMIT $3[0m  [["category", "pitching"], ["name", "CG"], ["LIMIT", 1]]
  ↳ (eval):1:in `block (2 levels) in run_file'
  [1m[36mStatType Create (0.0ms)[0m  [1m[32mINSERT INTO "stat_types" ("name", "label", "category", "created_at", "updated_at") VALUES ($1, $2, $3, $4, $5) RETURNING "id"[0m  [["name", "CG"], ["label", "CG"], ["category", "pitching"], ["created_at", "2026-06-06 06:26:38.373755"], ["updated_at", "2026-06-06 06:26:38.373755"]]
  ↳ (eval):1:in `block (2 levels) in run_file'
  [1m[36mStatType Load (0.0ms)[0m  [1m[34mSELECT "stat_types".* FROM "stat_types" WHERE "stat_types"."category" = $1 AND "stat_types"."name" = $2 LIMIT $3[0m  [["category", "pitching"], ["name", "ShO"], ["LIMIT", 1]]
  ↳ (eval):1:in `block (2 levels) in run_file'
  [1m[36mStatType Create (0.0ms)[0m  [1m[32mINSERT INTO "stat_types" ("name", "label", "category", "created_at", "updated_at") VALUES ($1, $2, $3, $4, $5) RETURNING "id"[0m  [["name", "ShO"], ["label", "SHO"], ["category", "pitching"], ["created_at", "2026-06-06 06:26:38.374277"], ["updated_at", "2026-06-06 06:26:38.374277"]]
  ↳ (eval):1:in `block (2 levels) in run_file'
  [1m[36mStatType Load (0.0ms)[0m  [1m[34mSELECT "stat_types".* FROM "stat_types" WHERE "stat_types"."category" = $1 AND "stat_types"."name" = $2 LIMIT $3[0m  [["category", "pitching"], ["name", "qualityStarts"], ["LIMIT", 1]]
  ↳ (eval):1:in `block (2 levels) in run_file'
  [1m[36mStatType Create (0.1ms)[0m  [1m[32mINSERT INTO "stat_types" ("name", "label", "category", "created_at", "updated_at") VALUES ($1, $2, $3, $4, $5) RETURNING "id"[0m  [["name", "qualityStarts"], ["label", "QS"], ["category", "pitching"], ["created_at", "2026-06-06 06:26:38.375959"], ["updated_at", "2026-06-06 06:26:38.375959"]]
  ↳ (eval):1:in `block (2 levels) in run_file'
  [1m[36mStatType Load (0.0ms)[0m  [1m[34mSELECT "stat_types".* FROM "stat_types" WHERE "stat_types"."category" = $1 AND "stat_types"."name" = $2 LIMIT $3[0m  [["category", "pitching"], ["name", "WP"], ["LIMIT", 1]]
  ↳ (eval):1:in `block (2 levels) in run_file'
  [1m[36mStatType Create (0.0ms)[0m  [1m[32mINSERT INTO "stat_types" ("name", "label", "category", "created_at", "updated_at") VALUES ($1, $2, $3, $4, $5) RETURNING "id"[0m  [["name", "WP"], ["label", "WP"], ["category", "pitching"], ["created_at", "2026-06-06 06:26:38.376569"], ["updated_at", "2026-06-06 06:26:38.376569"]]
  ↳ (eval):1:in `block (2 levels) in run_file'
  [1m[36mStatType Load (0.0ms)[0m  [1m[34mSELECT "stat_types".* FROM "stat_types" WHERE "stat_types"."category" = $1 AND "stat_types"."name" = $2 LIMIT $3[0m  [["category", "pitching"], ["name", "BK"], ["LIMIT", 1]]
  ↳ (eval):1:in `block (2 levels) in run_file'
  [1m[36mStatType Create (0.0ms)[0m  [1m[32mINSERT INTO "stat_types" ("name", "label", "category", "created_at", "updated_at") VALUES ($1, $2, $3, $4, $5) RETURNING "id"[0m  [["name", "BK"], ["label", "BK"], ["category", "pitching"], ["created_at", "2026-06-06 06:26:38.377181"], ["updated_at", "2026-06-06 06:26:38.377181"]]
  ↳ (eval):1:in `block (2 levels) in run_file'
  [1m[36mStatType Load (0.0ms)[0m  [1m[34mSELECT "stat_types".* FROM "stat_types" WHERE "stat_types"."category" = $1 AND "stat_types"."name" = $2 LIMIT $3[0m  [["category", "pitching"], ["name", "RS/9"], ["LIMIT", 1]]
  ↳ (eval):1:in `block (2 levels) in run_file'
  [1m[36mStatType Create (0.0ms)[0m  [1m[32mINSERT INTO "stat_types" ("name", "label", "category", "created_at", "updated_at") VALUES ($1, $2, $3, $4, $5) RETURNING "id"[0m  [["name", "RS/9"], ["label", "RS/9"], ["category", "pitching"], ["created_at", "2026-06-06 06:26:38.377937"], ["updated_at", "2026-06-06 06:26:38.377937"]]
  ↳ (eval):1:in `block (2 levels) in run_file'
  [1m[36mStatType Load (0.0ms)[0m  [1m[34mSELECT "stat_types".* FROM "stat_types" WHERE "stat_types"."category" = $1 AND "stat_types"."name" = $2 LIMIT $3[0m  [["category", "pitching"], ["name", "H/9"], ["LIMIT", 1]]
  ↳ (eval):1:in `block (2 levels) in run_file'
  [1m[36mStatType Create (0.0ms)[0m  [1m[32mINSERT INTO "stat_types" ("name", "label", "category", "created_at", "updated_at") VALUES ($1, $2, $3, $4, $5) RETURNING "id"[0m  [["name", "H/9"], ["label", "H/9"], ["category", "pitching"], ["created_at", "2026-06-06 06:26:38.378450"], ["updated_at", "2026-06-06 06:26:38.378450"]]
  ↳ (eval):1:in `block (2 levels) in run_file'
  [1m[36mStatType Load (0.0ms)[0m  [1m[34mSELECT "stat_types".* FROM "stat_types" WHERE "stat_types"."category" = $1 AND "stat_types"."name" = $2 LIMIT $3[0m  [["category", "pitching"], ["name", "Swing%"], ["LIMIT", 1]]
  ↳ (eval):1:in `block (2 levels) in run_file'
  [1m[36mStatType Create (0.0ms)[0m  [1m[32mINSERT INTO "stat_types" ("name", "label", "category", "created_at", "updated_at") VALUES ($1, $2, $3, $4, $5) RETURNING "id"[0m  [["name", "Swing%"], ["label", "Swing%"], ["category", "pitching"], ["created_at", "2026-06-06 06:26:38.379160"], ["updated_at", "2026-06-06 06:26:38.379160"]]
  ↳ (eval):1:in `block (2 levels) in run_file'
  [1m[36mStatType Load (0.0ms)[0m  [1m[34mSELECT "stat_types".* FROM "stat_types" WHERE "stat_types"."category" = $1 AND "stat_types"."name" = $2 LIMIT $3[0m  [["category", "pitching"], ["name", "HLD"], ["LIMIT", 1]]
  ↳ (eval):1:in `block (2 levels) in run_file'
  [1m[36mStatType Create (0.0ms)[0m  [1m[32mINSERT INTO "stat_types" ("name", "label", "category", "created_at", "updated_at") VALUES ($1, $2, $3, $4, $5) RETURNING "id"[0m  [["name", "HLD"], ["label", "HLD"], ["category", "pitching"], ["created_at", "2026-06-06 06:26:38.379662"], ["updated_at", "2026-06-06 06:26:38.379662"]]
  ↳ (eval):1:in `block (2 levels) in run_file'
  [1m[36mStatType Load (0.0ms)[0m  [1m[34mSELECT "stat_types".* FROM "stat_types" WHERE "stat_types"."category" = $1 AND "stat_types"."name" = $2 LIMIT $3[0m  [["category", "pitching"], ["name", "BS"], ["LIMIT", 1]]
  ↳ (eval):1:in `block (2 levels) in run_file'
  [1m[36mStatType Create (0.0ms)[0m  [1m[32mINSERT INTO "stat_types" ("name", "label", "category", "created_at", "updated_at") VALUES ($1, $2, $3, $4, $5) RETURNING "id"[0m  [["name", "BS"], ["label", "BS"], ["category", "pitching"], ["created_at", "2026-06-06 06:26:38.380162"], ["updated_at", "2026-06-06 06:26:38.380162"]]
  ↳ (eval):1:in `block (2 levels) in run_file'
  [1m[36mStatType Load (0.0ms)[0m  [1m[34mSELECT "stat_types".* FROM "stat_types" WHERE "stat_types"."category" = $1 AND "stat_types"."name" = $2 LIMIT $3[0m  [["category", "pitching"], ["name", "ERA-"], ["LIMIT", 1]]
  ↳ (eval):1:in `block (2 levels) in run_file'
  [1m[36mStatType Create (0.0ms)[0m  [1m[32mINSERT INTO "stat_types" ("name", "label", "category", "created_at", "updated_at") VALUES ($1, $2, $3, $4, $5) RETURNING "id"[0m  [["name", "ERA-"], ["label", "ERA-"], ["category", "pitching"], ["created_at", "2026-06-06 06:26:38.380789"], ["updated_at", "2026-06-06 06:26:38.380789"]]
  ↳ (eval):1:in `block (2 levels) in run_file'
  [1m[36mStatType Load (0.0ms)[0m  [1m[34mSELECT "stat_types".* FROM "stat_types" WHERE "stat_types"."category" = $1 AND "stat_types"."name" = $2 LIMIT $3[0m  [["category", "pitching"], ["name", "FIP-"], ["LIMIT", 1]]
  ↳ (eval):1:in `block (2 levels) in run_file'
  [1m[36mStatType Create (0.0ms)[0m  [1m[32mINSERT INTO "stat_types" ("name", "label", "category", "created_at", "updated_at") VALUES ($1, $2, $3, $4, $5) RETURNING "id"[0m  [["name", "FIP-"], ["label", "FIP-"], ["category", "pitching"], ["created_at", "2026-06-06 06:26:38.381368"], ["updated_at", "2026-06-06 06:26:38.381368"]]
  ↳ (eval):1:in `block (2 levels) in run_file'
  [1m[36mStatType Load (0.0ms)[0m  [1m[34mSELECT "stat_types".* FROM "stat_types" WHERE "stat_types"."category" = $1 AND "stat_types"."name" = $2 LIMIT $3[0m  [["category", "pitching"], ["name", "PA"], ["LIMIT", 1]]
  ↳ (eval):1:in `block (2 levels) in run_file'
  [1m[36mStatType Create (0.0ms)[0m  [1m[32mINSERT INTO "stat_types" ("name", "label", "category", "created_at", "updated_at") VALUES ($1, $2, $3, $4, $5) RETURNING "id"[0m  [["name", "PA"], ["label", "PA"], ["category", "pitching"], ["created_at", "2026-06-06 06:26:38.381996"], ["updated_at", "2026-06-06 06:26:38.381996"]]
  ↳ (eval):1:in `block (2 levels) in run_file'
  [1m[36mStatType Load (0.0ms)[0m  [1m[34mSELECT "stat_types".* FROM "stat_types" WHERE "stat_types"."category" = $1 AND "stat_types"."name" = $2 LIMIT $3[0m  [["category", "pitching"], ["name", "AB"], ["LIMIT", 1]]
  ↳ (eval):1:in `block (2 levels) in run_file'
  [1m[36mStatType Create (0.0ms)[0m  [1m[32mINSERT INTO "stat_types" ("name", "label", "category", "created_at", "updated_at") VALUES ($1, $2, $3, $4, $5) RETURNING "id"[0m  [["name", "AB"], ["label", "AB"], ["category", "pitching"], ["created_at", "2026-06-06 06:26:38.382489"], ["updated_at", "2026-06-06 06:26:38.382489"]]
  ↳ (eval):1:in `block (2 levels) in run_file'
  [1m[36mStatType Load (0.0ms)[0m  [1m[34mSELECT "stat_types".* FROM "stat_types" WHERE "stat_types"."category" = $1 AND "stat_types"."name" = $2 LIMIT $3[0m  [["category", "pitching"], ["name", "BA"], ["LIMIT", 1]]
  ↳ (eval):1:in `block (2 levels) in run_file'
  [1m[36mStatType Create (0.0ms)[0m  [1m[32mINSERT INTO "stat_types" ("name", "label", "category", "created_at", "updated_at") VALUES ($1, $2, $3, $4, $5) RETURNING "id"[0m  [["name", "BA"], ["label", "BA"], ["category", "pitching"], ["created_at", "2026-06-06 06:26:38.382975"], ["updated_at", "2026-06-06 06:26:38.382975"]]
  ↳ (eval):1:in `block (2 levels) in run_file'
  [1m[36mStatType Load (0.0ms)[0m  [1m[34mSELECT "stat_types".* FROM "stat_types" WHERE "stat_types"."category" = $1 AND "stat_types"."name" = $2 LIMIT $3[0m  [["category", "pitching"], ["name", "OPS"], ["LIMIT", 1]]
  ↳ (eval):1:in `block (2 levels) in run_file'
  [1m[36mStatType Create (0.1ms)[0m  [1m[32mINSERT INTO "stat_types" ("name", "label", "category", "created_at", "updated_at") VALUES ($1, $2, $3, $4, $5) RETURNING "id"[0m  [["name", "OPS"], ["label", "OPS"], ["category", "pitching"], ["created_at", "2026-06-06 06:26:38.383547"], ["updated_at", "2026-06-06 06:26:38.383547"]]
  ↳ (eval):1:in `block (2 levels) in run_file'
  [1m[36mStatType Load (0.0ms)[0m  [1m[34mSELECT "stat_types".* FROM "stat_types" WHERE "stat_types"."category" = $1 AND "stat_types"."name" = $2 LIMIT $3[0m  [["category", "pitching"], ["name", "ops"], ["LIMIT", 1]]
  ↳ (eval):1:in `block (2 levels) in run_file'
  [1m[36mStatType Create (0.0ms)[0m  [1m[32mINSERT INTO "stat_types" ("name", "label", "category", "created_at", "updated_at") VALUES ($1, $2, $3, $4, $5) RETURNING "id"[0m  [["name", "ops"], ["label", "OPS"], ["category", "pitching"], ["created_at", "2026-06-06 06:26:38.384152"], ["updated_at", "2026-06-06 06:26:38.384152"]]
  ↳ (eval):1:in `block (2 levels) in run_file'
  [1m[36mStatType Load (0.0ms)[0m  [1m[34mSELECT "stat_types".* FROM "stat_types" WHERE "stat_types"."category" = $1 AND "stat_types"."name" = $2 LIMIT $3[0m  [["category", "pitching"], ["name", "TB"], ["LIMIT", 1]]
  ↳ (eval):1:in `block (2 levels) in run_file'
  [1m[36mStatType Create (0.0ms)[0m  [1m[32mINSERT INTO "stat_types" ("name", "label", "category", "created_at", "updated_at") VALUES ($1, $2, $3, $4, $5) RETURNING "id"[0m  [["name", "TB"], ["label", "TB"], ["category", "pitching"], ["created_at", "2026-06-06 06:26:38.384707"], ["updated_at", "2026-06-06 06:26:38.384707"]]
  ↳ (eval):1:in `block (2 levels) in run_file'
  [1m[36mStatType Load (0.0ms)[0m  [1m[34mSELECT "stat_types".* FROM "stat_types" WHERE "stat_types"."category" = $1 AND "stat_types"."name" = $2 LIMIT $3[0m  [["category", "pitching"], ["name", "GDP"], ["LIMIT", 1]]
  ↳ (eval):1:in `block (2 levels) in run_file'
  [1m[36mStatType Create (0.0ms)[0m  [1m[32mINSERT INTO "stat_types" ("name", "label", "category", "created_at", "updated_at") VALUES ($1, $2, $3, $4, $5) RETURNING "id"[0m  [["name", "GDP"], ["label", "GDP"], ["category", "pitching"], ["created_at", "2026-06-06 06:26:38.385300"], ["updated_at", "2026-06-06 06:26:38.385300"]]
  ↳ (eval):1:in `block (2 levels) in run_file'
  [1m[36mStatType Load (0.0ms)[0m  [1m[34mSELECT "stat_types".* FROM "stat_types" WHERE "stat_types"."category" = $1 AND "stat_types"."name" = $2 LIMIT $3[0m  [["category", "pitching"], ["name", "hitBatsmen"], ["LIMIT", 1]]
  ↳ (eval):1:in `block (2 levels) in run_file'
  [1m[36mStatType Create (0.0ms)[0m  [1m[32mINSERT INTO "stat_types" ("name", "label", "category", "created_at", "updated_at") VALUES ($1, $2, $3, $4, $5) RETURNING "id"[0m  [["name", "hitBatsmen"], ["label", "HBP"], ["category", "pitching"], ["created_at", "2026-06-06 06:26:38.385801"], ["updated_at", "2026-06-06 06:26:38.385801"]]
  ↳ (eval):1:in `block (2 levels) in run_file'
  [1m[36mStatType Load (0.0ms)[0m  [1m[34mSELECT "stat_types".* FROM "stat_types" WHERE "stat_types"."category" = $1 AND "stat_types"."name" = $2 LIMIT $3[0m  [["category", "pitching"], ["name", "SH"], ["LIMIT", 1]]
  ↳ (eval):1:in `block (2 levels) in run_file'
  [1m[36mStatType Create (0.0ms)[0m  [1m[32mINSERT INTO "stat_types" ("name", "label", "category", "created_at", "updated_at") VALUES ($1, $2, $3, $4, $5) RETURNING "id"[0m  [["name", "SH"], ["label", "SH"], ["category", "pitching"], ["created_at", "2026-06-06 06:26:38.386324"], ["updated_at", "2026-06-06 06:26:38.386324"]]
  ↳ (eval):1:in `block (2 levels) in run_file'
  [1m[36mStatType Load (0.0ms)[0m  [1m[34mSELECT "stat_types".* FROM "stat_types" WHERE "stat_types"."category" = $1 AND "stat_types"."name" = $2 LIMIT $3[0m  [["category", "pitching"], ["name", "SF"], ["LIMIT", 1]]
  ↳ (eval):1:in `block (2 levels) in run_file'
  [1m[36mStatType Create (0.0ms)[0m  [1m[32mINSERT INTO "stat_types" ("name", "label", "category", "created_at", "updated_at") VALUES ($1, $2, $3, $4, $5) RETURNING "id"[0m  [["name", "SF"], ["label", "SF"], ["category", "pitching"], ["created_at", "2026-06-06 06:26:38.386870"], ["updated_at", "2026-06-06 06:26:38.386870"]]
  ↳ (eval):1:in `block (2 levels) in run_file'
  [1m[36mStatType Load (0.0ms)[0m  [1m[34mSELECT "stat_types".* FROM "stat_types" WHERE "stat_types"."category" = $1 AND "stat_types"."name" = $2 LIMIT $3[0m  [["category", "pitching"], ["name", "intentionalWalks"], ["LIMIT", 1]]
  ↳ (eval):1:in `block (2 levels) in run_file'
  [1m[36mStatType Create (0.0ms)[0m  [1m[32mINSERT INTO "stat_types" ("name", "label", "category", "created_at", "updated_at") VALUES ($1, $2, $3, $4, $5) RETURNING "id"[0m  [["name", "intentionalWalks"], ["label", "IBB"], ["category", "pitching"], ["created_at", "2026-06-06 06:26:38.387346"], ["updated_at", "2026-06-06 06:26:38.387346"]]
  ↳ (eval):1:in `block (2 levels) in run_file'
  [1m[36mStatType Load (0.0ms)[0m  [1m[34mSELECT "stat_types".* FROM "stat_types" WHERE "stat_types"."category" = $1 AND "stat_types"."name" = $2 LIMIT $3[0m  [["category", "pitching"], ["name", "ROE"], ["LIMIT", 1]]
  ↳ (eval):1:in `block (2 levels) in run_file'
  [1m[36mStatType Create (0.0ms)[0m  [1m[32mINSERT INTO "stat_types" ("name", "label", "category", "created_at", "updated_at") VALUES ($1, $2, $3, $4, $5) RETURNING "id"[0m  [["name", "ROE"], ["label", "ROE"], ["category", "pitching"], ["created_at", "2026-06-06 06:26:38.387889"], ["updated_at", "2026-06-06 06:26:38.387889"]]
  ↳ (eval):1:in `block (2 levels) in run_file'
  [1m[36mStatType Load (0.0ms)[0m  [1m[34mSELECT "stat_types".* FROM "stat_types" WHERE "stat_types"."category" = $1 AND "stat_types"."name" = $2 LIMIT $3[0m  [["category", "pitching"], ["name", "BAbip"], ["LIMIT", 1]]
  ↳ (eval):1:in `block (2 levels) in run_file'
  [1m[36mStatType Create (0.0ms)[0m  [1m[32mINSERT INTO "stat_types" ("name", "label", "category", "created_at", "updated_at") VALUES ($1, $2, $3, $4, $5) RETURNING "id"[0m  [["name", "BAbip"], ["label", "BAbip"], ["category", "pitching"], ["created_at", "2026-06-06 06:26:38.388351"], ["updated_at", "2026-06-06 06:26:38.388351"]]
  ↳ (eval):1:in `block (2 levels) in run_file'
  [1m[36mStatType Load (0.0ms)[0m  [1m[34mSELECT "stat_types".* FROM "stat_types" WHERE "stat_types"."category" = $1 AND "stat_types"."name" = $2 LIMIT $3[0m  [["category", "pitching"], ["name", "babip"], ["LIMIT", 1]]
  ↳ (eval):1:in `block (2 levels) in run_file'
  [1m[36mStatType Create (0.0ms)[0m  [1m[32mINSERT INTO "stat_types" ("name", "label", "category", "created_at", "updated_at") VALUES ($1, $2, $3, $4, $5) RETURNING "id"[0m  [["name", "babip"], ["label", "BABIP"], ["category", "pitching"], ["created_at", "2026-06-06 06:26:38.388811"], ["updated_at", "2026-06-06 06:26:38.388811"]]
  ↳ (eval):1:in `block (2 levels) in run_file'
  [1m[36mStatType Load (0.0ms)[0m  [1m[34mSELECT "stat_types".* FROM "stat_types" WHERE "stat_types"."category" = $1 AND "stat_types"."name" = $2 LIMIT $3[0m  [["category", "pitching"], ["name", "tOPS+"], ["LIMIT", 1]]
  ↳ (eval):1:in `block (2 levels) in run_file'
  [1m[36mStatType Create (0.0ms)[0m  [1m[32mINSERT INTO "stat_types" ("name", "label", "category", "created_at", "updated_at") VALUES ($1, $2, $3, $4, $5) RETURNING "id"[0m  [["name", "tOPS+"], ["label", "tOPS+"], ["category", "pitching"], ["created_at", "2026-06-06 06:26:38.389331"], ["updated_at", "2026-06-06 06:26:38.389331"]]
  ↳ (eval):1:in `block (2 levels) in run_file'
  [1m[36mStatType Load (0.0ms)[0m  [1m[34mSELECT "stat_types".* FROM "stat_types" WHERE "stat_types"."category" = $1 AND "stat_types"."name" = $2 LIMIT $3[0m  [["category", "pitching"], ["name", "sOPS+"], ["LIMIT", 1]]
  ↳ (eval):1:in `block (2 levels) in run_file'
  [1m[36mStatType Create (0.0ms)[0m  [1m[32mINSERT INTO "stat_types" ("name", "label", "category", "created_at", "updated_at") VALUES ($1, $2, $3, $4, $5) RETURNING "id"[0m  [["name", "sOPS+"], ["label", "sOPS+"], ["category", "pitching"], ["created_at", "2026-06-06 06:26:38.389789"], ["updated_at", "2026-06-06 06:26:38.389789"]]
  ↳ (eval):1:in `block (2 levels) in run_file'
  [1m[36mStatType Load (0.0ms)[0m  [1m[34mSELECT "stat_types".* FROM "stat_types" WHERE "stat_types"."category" = $1 AND "stat_types"."name" = $2 LIMIT $3[0m  [["category", "pitching"], ["name", "groundOuts"], ["LIMIT", 1]]
  ↳ (eval):1:in `block (2 levels) in run_file'
  [1m[36mStatType Create (0.0ms)[0m  [1m[32mINSERT INTO "stat_types" ("name", "label", "category", "created_at", "updated_at") VALUES ($1, $2, $3, $4, $5) RETURNING "id"[0m  [["name", "groundOuts"], ["label", "GO"], ["category", "pitching"], ["created_at", "2026-06-06 06:26:38.390257"], ["updated_at", "2026-06-06 06:26:38.390257"]]
  ↳ (eval):1:in `block (2 levels) in run_file'
  [1m[36mStatType Load (0.0ms)[0m  [1m[34mSELECT "stat_types".* FROM "stat_types" WHERE "stat_types"."category" = $1 AND "stat_types"."name" = $2 LIMIT $3[0m  [["category", "pitching"], ["name", "airOuts"], ["LIMIT", 1]]
  ↳ (eval):1:in `block (2 levels) in run_file'
  [1m[36mStatType Create (0.0ms)[0m  [1m[32mINSERT INTO "stat_types" ("name", "label", "category", "created_at", "updated_at") VALUES ($1, $2, $3, $4, $5) RETURNING "id"[0m  [["name", "airOuts"], ["label", "AO"], ["category", "pitching"], ["created_at", "2026-06-06 06:26:38.390772"], ["updated_at", "2026-06-06 06:26:38.390772"]]
  ↳ (eval):1:in `block (2 levels) in run_file'
  [1m[36mStatType Load (0.0ms)[0m  [1m[34mSELECT "stat_types".* FROM "stat_types" WHERE "stat_types"."category" = $1 AND "stat_types"."name" = $2 LIMIT $3[0m  [["category", "pitching"], ["name", "groundIntoTriplePlay"], ["LIMIT", 1]]
  ↳ (eval):1:in `block (2 levels) in run_file'
  [1m[36mStatType Create (0.0ms)[0m  [1m[32mINSERT INTO "stat_types" ("name", "label", "category", "created_at", "updated_at") VALUES ($1, $2, $3, $4, $5) RETURNING "id"[0m  [["name", "groundIntoTriplePlay"], ["label", "GITP"], ["category", "pitching"], ["created_at", "2026-06-06 06:26:38.391228"], ["updated_at", "2026-06-06 06:26:38.391228"]]
  ↳ (eval):1:in `block (2 levels) in run_file'
  [1m[36mStatType Load (0.0ms)[0m  [1m[34mSELECT "stat_types".* FROM "stat_types" WHERE "stat_types"."category" = $1 AND "stat_types"."name" = $2 LIMIT $3[0m  [["category", "pitching"], ["name", "numberOfPitches"], ["LIMIT", 1]]
  ↳ (eval):1:in `block (2 levels) in run_file'
  [1m[36mStatType Create (0.0ms)[0m  [1m[32mINSERT INTO "stat_types" ("name", "label", "category", "created_at", "updated_at") VALUES ($1, $2, $3, $4, $5) RETURNING "id"[0m  [["name", "numberOfPitches"], ["label", "P"], ["category", "pitching"], ["created_at", "2026-06-06 06:26:38.391688"], ["updated_at", "2026-06-06 06:26:38.391688"]]
  ↳ (eval):1:in `block (2 levels) in run_file'
  [1m[36mStatType Load (0.0ms)[0m  [1m[34mSELECT "stat_types".* FROM "stat_types" WHERE "stat_types"."category" = $1 AND "stat_types"."name" = $2 LIMIT $3[0m  [["category", "pitching"], ["name", "gamesPlayed"], ["LIMIT", 1]]
  ↳ (eval):1:in `block (2 levels) in run_file'
  [1m[36mStatType Create (0.0ms)[0m  [1m[32mINSERT INTO "stat_types" ("name", "label", "category", "created_at", "updated_at") VALUES ($1, $2, $3, $4, $5) RETURNING "id"[0m  [["name", "gamesPlayed"], ["label", "GP"], ["category", "pitching"], ["created_at", "2026-06-06 06:26:38.392216"], ["updated_at", "2026-06-06 06:26:38.392216"]]
  ↳ (eval):1:in `block (2 levels) in run_file'
  [1m[36mStatType Load (0.0ms)[0m  [1m[34mSELECT "stat_types".* FROM "stat_types" WHERE "stat_types"."category" = $1 AND "stat_types"."name" = $2 LIMIT $3[0m  [["category", "pitching"], ["name", "doubles"], ["LIMIT", 1]]
  ↳ (eval):1:in `block (2 levels) in run_file'
  [1m[36mStatType Create (0.0ms)[0m  [1m[32mINSERT INTO "stat_types" ("name", "label", "category", "created_at", "updated_at") VALUES ($1, $2, $3, $4, $5) RETURNING "id"[0m  [["name", "doubles"], ["label", "2B"], ["category", "pitching"], ["created_at", "2026-06-06 06:26:38.392673"], ["updated_at", "2026-06-06 06:26:38.392673"]]
  ↳ (eval):1:in `block (2 levels) in run_file'
  [1m[36mStatType Load (0.0ms)[0m  [1m[34mSELECT "stat_types".* FROM "stat_types" WHERE "stat_types"."category" = $1 AND "stat_types"."name" = $2 LIMIT $3[0m  [["category", "pitching"], ["name", "triples"], ["LIMIT", 1]]
  ↳ (eval):1:in `block (2 levels) in run_file'
  [1m[36mStatType Create (0.0ms)[0m  [1m[32mINSERT INTO "stat_types" ("name", "label", "category", "created_at", "updated_at") VALUES ($1, $2, $3, $4, $5) RETURNING "id"[0m  [["name", "triples"], ["label", "3B"], ["category", "pitching"], ["created_at", "2026-06-06 06:26:38.393124"], ["updated_at", "2026-06-06 06:26:38.393124"]]
  ↳ (eval):1:in `block (2 levels) in run_file'
  [1m[36mStatType Load (0.0ms)[0m  [1m[34mSELECT "stat_types".* FROM "stat_types" WHERE "stat_types"."category" = $1 AND "stat_types"."name" = $2 LIMIT $3[0m  [["category", "pitching"], ["name", "catchersInterference"], ["LIMIT", 1]]
  ↳ (eval):1:in `block (2 levels) in run_file'
  [1m[36mStatType Create (0.1ms)[0m  [1m[32mINSERT INTO "stat_types" ("name", "label", "category", "created_at", "updated_at") VALUES ($1, $2, $3, $4, $5) RETURNING "id"[0m  [["name", "catchersInterference"], ["label", "CI"], ["category", "pitching"], ["created_at", "2026-06-06 06:26:38.393645"], ["updated_at", "2026-06-06 06:26:38.393645"]]
  ↳ (eval):1:in `block (2 levels) in run_file'
  [1m[36mStatType Load (0.1ms)[0m  [1m[34mSELECT "stat_types".* FROM "stat_types" WHERE "stat_types"."category" = $1 AND "stat_types"."name" = $2 LIMIT $3[0m  [["category", "pitching"], ["name", "strikeOuts"], ["LIMIT", 1]]
  ↳ (eval):1:in `block (2 levels) in run_file'
  [1m[36mStatType Create (0.4ms)[0m  [1m[32mINSERT INTO "stat_types" ("name", "label", "category", "created_at", "updated_at") VALUES ($1, $2, $3, $4, $5) RETURNING "id"[0m  [["name", "strikeOuts"], ["label", "SO"], ["category", "pitching"], ["created_at", "2026-06-06 06:26:38.395034"], ["updated_at", "2026-06-06 06:26:38.395034"]]
  ↳ (eval):1:in `block (2 levels) in run_file'
  [1m[36mStatType Load (0.0ms)[0m  [1m[34mSELECT "stat_types".* FROM "stat_types" WHERE "stat_types"."category" = $1 AND "stat_types"."name" = $2 LIMIT $3[0m  [["category", "pitching"], ["name", "hitByPitch"], ["LIMIT", 1]]
  ↳ (eval):1:in `block (2 levels) in run_file'
  [1m[36mStatType Create (0.1ms)[0m  [1m[32mINSERT INTO "stat_types" ("name", "label", "category", "created_at", "updated_at") VALUES ($1, $2, $3, $4, $5) RETURNING "id"[0m  [["name", "hitByPitch"], ["label", "HBP"], ["category", "pitching"], ["created_at", "2026-06-06 06:26:38.396958"], ["updated_at", "2026-06-06 06:26:38.396958"]]
  ↳ (eval):1:in `block (2 levels) in run_file'
  [1m[36mStatType Load (0.0ms)[0m  [1m[34mSELECT "stat_types".* FROM "stat_types" WHERE "stat_types"."category" = $1 AND "stat_types"."name" = $2 LIMIT $3[0m  [["category", "pitching"], ["name", "avg"], ["LIMIT", 1]]
  ↳ (eval):1:in `block (2 levels) in run_file'
  [1m[36mStatType Create (2.2ms)[0m  [1m[32mINSERT INTO "stat_types" ("name", "label", "category", "created_at", "updated_at") VALUES ($1, $2, $3, $4, $5) RETURNING "id"[0m  [["name", "avg"], ["label", "AVG"], ["category", "pitching"], ["created_at", "2026-06-06 06:26:38.397833"], ["updated_at", "2026-06-06 06:26:38.397833"]]
  ↳ (eval):1:in `block (2 levels) in run_file'
  [1m[36mStatType Load (0.0ms)[0m  [1m[34mSELECT "stat_types".* FROM "stat_types" WHERE "stat_types"."category" = $1 AND "stat_types"."name" = $2 LIMIT $3[0m  [["category", "pitching"], ["name", "atBats"], ["LIMIT", 1]]
  ↳ (eval):1:in `block (2 levels) in run_file'
  [1m[36mStatType Create (0.1ms)[0m  [1m[32mINSERT INTO "stat_types" ("name", "label", "category", "created_at", "updated_at") VALUES ($1, $2, $3, $4, $5) RETURNING "id"[0m  [["name", "atBats"], ["label", "AB"], ["category", "pitching"], ["created_at", "2026-06-06 06:26:38.401369"], ["updated_at", "2026-06-06 06:26:38.401369"]]
  ↳ (eval):1:in `block (2 levels) in run_file'
  [1m[36mStatType Load (0.0ms)[0m  [1m[34mSELECT "stat_types".* FROM "stat_types" WHERE "stat_types"."category" = $1 AND "stat_types"."name" = $2 LIMIT $3[0m  [["category", "pitching"], ["name", "groundIntoDoublePlay"], ["LIMIT", 1]]
  ↳ (eval):1:in `block (2 levels) in run_file'
  [1m[36mStatType Create (0.0ms)[0m  [1m[32mINSERT INTO "stat_types" ("name", "label", "category", "created_at", "updated_at") VALUES ($1, $2, $3, $4, $5) RETURNING "id"[0m  [["name", "groundIntoDoublePlay"], ["label", "GDP"], ["category", "pitching"], ["created_at", "2026-06-06 06:26:38.402006"], ["updated_at", "2026-06-06 06:26:38.402006"]]
  ↳ (eval):1:in `block (2 levels) in run_file'
  [1m[36mStatType Load (0.0ms)[0m  [1m[34mSELECT "stat_types".* FROM "stat_types" WHERE "stat_types"."category" = $1 AND "stat_types"."name" = $2 LIMIT $3[0m  [["category", "pitching"], ["name", "inningsPitched"], ["LIMIT", 1]]
  ↳ (eval):1:in `block (2 levels) in run_file'
  [1m[36mStatType Create (0.0ms)[0m  [1m[32mINSERT INTO "stat_types" ("name", "label", "category", "created_at", "updated_at") VALUES ($1, $2, $3, $4, $5) RETURNING "id"[0m  [["name", "inningsPitched"], ["label", "IP"], ["category", "pitching"], ["created_at", "2026-06-06 06:26:38.402588"], ["updated_at", "2026-06-06 06:26:38.402588"]]
  ↳ (eval):1:in `block (2 levels) in run_file'
  [1m[36mStatType Load (0.0ms)[0m  [1m[34mSELECT "stat_types".* FROM "stat_types" WHERE "stat_types"."category" = $1 AND "stat_types"."name" = $2 LIMIT $3[0m  [["category", "pitching"], ["name", "outsPitched"], ["LIMIT", 1]]
  ↳ (eval):1:in `block (2 levels) in run_file'
  [1m[36mStatType Create (0.0ms)[0m  [1m[32mINSERT INTO "stat_types" ("name", "label", "category", "created_at", "updated_at") VALUES ($1, $2, $3, $4, $5) RETURNING "id"[0m  [["name", "outsPitched"], ["label", "OUTS"], ["category", "pitching"], ["created_at", "2026-06-06 06:26:38.403115"], ["updated_at", "2026-06-06 06:26:38.403115"]]
  ↳ (eval):1:in `block (2 levels) in run_file'
  [1m[36mStatType Load (0.0ms)[0m  [1m[34mSELECT "stat_types".* FROM "stat_types" WHERE "stat_types"."category" = $1 AND "stat_types"."name" = $2 LIMIT $3[0m  [["category", "pitching"], ["name", "whip"], ["LIMIT", 1]]
  ↳ (eval):1:in `block (2 levels) in run_file'
  [1m[36mStatType Create (0.0ms)[0m  [1m[32mINSERT INTO "stat_types" ("name", "label", "category", "created_at", "updated_at") VALUES ($1, $2, $3, $4, $5) RETURNING "id"[0m  [["name", "whip"], ["label", "WHIP"], ["category", "pitching"], ["created_at", "2026-06-06 06:26:38.403572"], ["updated_at", "2026-06-06 06:26:38.403572"]]
  ↳ (eval):1:in `block (2 levels) in run_file'
  [1m[36mStatType Load (0.0ms)[0m  [1m[34mSELECT "stat_types".* FROM "stat_types" WHERE "stat_types"."category" = $1 AND "stat_types"."name" = $2 LIMIT $3[0m  [["category", "pitching"], ["name", "battersFaced"], ["LIMIT", 1]]
  ↳ (eval):1:in `block (2 levels) in run_file'
  [1m[36mStatType Create (0.0ms)[0m  [1m[32mINSERT INTO "stat_types" ("name", "label", "category", "created_at", "updated_at") VALUES ($1, $2, $3, $4, $5) RETURNING "id"[0m  [["name", "battersFaced"], ["label", "BF"], ["category", "pitching"], ["created_at", "2026-06-06 06:26:38.404021"], ["updated_at", "2026-06-06 06:26:38.404021"]]
  ↳ (eval):1:in `block (2 levels) in run_file'
  [1m[36mStatType Load (0.0ms)[0m  [1m[34mSELECT "stat_types".* FROM "stat_types" WHERE "stat_types"."category" = $1 AND "stat_types"."name" = $2 LIMIT $3[0m  [["category", "pitching"], ["name", "outs"], ["LIMIT", 1]]
  ↳ (eval):1:in `block (2 levels) in run_file'
  [1m[36mStatType Create (0.0ms)[0m  [1m[32mINSERT INTO "stat_types" ("name", "label", "category", "created_at", "updated_at") VALUES ($1, $2, $3, $4, $5) RETURNING "id"[0m  [["name", "outs"], ["label", "OUTS"], ["category", "pitching"], ["created_at", "2026-06-06 06:26:38.405051"], ["updated_at", "2026-06-06 06:26:38.405051"]]
  ↳ (eval):1:in `block (2 levels) in run_file'
  [1m[36mStatType Load (0.0ms)[0m  [1m[34mSELECT "stat_types".* FROM "stat_types" WHERE "stat_types"."category" = $1 AND "stat_types"."name" = $2 LIMIT $3[0m  [["category", "pitching"], ["name", "gamesPitched"], ["LIMIT", 1]]
  ↳ (eval):1:in `block (2 levels) in run_file'
  [1m[36mStatType Create (0.0ms)[0m  [1m[32mINSERT INTO "stat_types" ("name", "label", "category", "created_at", "updated_at") VALUES ($1, $2, $3, $4, $5) RETURNING "id"[0m  [["name", "gamesPitched"], ["label", "GP"], ["category", "pitching"], ["created_at", "2026-06-06 06:26:38.405504"], ["updated_at", "2026-06-06 06:26:38.405504"]]
  ↳ (eval):1:in `block (2 levels) in run_file'
  [1m[36mStatType Load (0.0ms)[0m  [1m[34mSELECT "stat_types".* FROM "stat_types" WHERE "stat_types"."category" = $1 AND "stat_types"."name" = $2 LIMIT $3[0m  [["category", "pitching"], ["name", "balls"], ["LIMIT", 1]]
  ↳ (eval):1:in `block (2 levels) in run_file'
  [1m[36mStatType Create (0.0ms)[0m  [1m[32mINSERT INTO "stat_types" ("name", "label", "category", "created_at", "updated_at") VALUES ($1, $2, $3, $4, $5) RETURNING "id"[0m  [["name", "balls"], ["label", "B"], ["category", "pitching"], ["created_at", "2026-06-06 06:26:38.405957"], ["updated_at", "2026-06-06 06:26:38.405957"]]
  ↳ (eval):1:in `block (2 levels) in run_file'
  [1m[36mStatType Load (0.0ms)[0m  [1m[34mSELECT "stat_types".* FROM "stat_types" WHERE "stat_types"."category" = $1 AND "stat_types"."name" = $2 LIMIT $3[0m  [["category", "pitching"], ["name", "strikes"], ["LIMIT", 1]]
  ↳ (eval):1:in `block (2 levels) in run_file'
  [1m[36mStatType Create (0.0ms)[0m  [1m[32mINSERT INTO "stat_types" ("name", "label", "category", "created_at", "updated_at") VALUES ($1, $2, $3, $4, $5) RETURNING "id"[0m  [["name", "strikes"], ["label", "S"], ["category", "pitching"], ["created_at", "2026-06-06 06:26:38.406609"], ["updated_at", "2026-06-06 06:26:38.406609"]]
  ↳ (eval):1:in `block (2 levels) in run_file'
  [1m[36mStatType Load (0.0ms)[0m  [1m[34mSELECT "stat_types".* FROM "stat_types" WHERE "stat_types"."category" = $1 AND "stat_types"."name" = $2 LIMIT $3[0m  [["category", "pitching"], ["name", "strikePercentage"], ["LIMIT", 1]]
  ↳ (eval):1:in `block (2 levels) in run_file'
  [1m[36mStatType Create (0.0ms)[0m  [1m[32mINSERT INTO "stat_types" ("name", "label", "category", "created_at", "updated_at") VALUES ($1, $2, $3, $4, $5) RETURNING "id"[0m  [["name", "strikePercentage"], ["label", "S%"], ["category", "pitching"], ["created_at", "2026-06-06 06:26:38.407084"], ["updated_at", "2026-06-06 06:26:38.407084"]]
  ↳ (eval):1:in `block (2 levels) in run_file'
  [1m[36mStatType Load (0.0ms)[0m  [1m[34mSELECT "stat_types".* FROM "stat_types" WHERE "stat_types"."category" = $1 AND "stat_types"."name" = $2 LIMIT $3[0m  [["category", "pitching"], ["name", "balks"], ["LIMIT", 1]]
  ↳ (eval):1:in `block (2 levels) in run_file'
  [1m[36mStatType Create (0.0ms)[0m  [1m[32mINSERT INTO "stat_types" ("name", "label", "category", "created_at", "updated_at") VALUES ($1, $2, $3, $4, $5) RETURNING "id"[0m  [["name", "balks"], ["label", "BK"], ["category", "pitching"], ["created_at", "2026-06-06 06:26:38.407707"], ["updated_at", "2026-06-06 06:26:38.407707"]]
  ↳ (eval):1:in `block (2 levels) in run_file'
  [1m[36mStatType Load (0.0ms)[0m  [1m[34mSELECT "stat_types".* FROM "stat_types" WHERE "stat_types"."category" = $1 AND "stat_types"."name" = $2 LIMIT $3[0m  [["category", "pitching"], ["name", "wildPitches"], ["LIMIT", 1]]
  ↳ (eval):1:in `block (2 levels) in run_file'
  [1m[36mStatType Create (0.1ms)[0m  [1m[32mINSERT INTO "stat_types" ("name", "label", "category", "created_at", "updated_at") VALUES ($1, $2, $3, $4, $5) RETURNING "id"[0m  [["name", "wildPitches"], ["label", "WP"], ["category", "pitching"], ["created_at", "2026-06-06 06:26:38.408155"], ["updated_at", "2026-06-06 06:26:38.408155"]]
  ↳ (eval):1:in `block (2 levels) in run_file'
  [1m[36mStatType Load (0.0ms)[0m  [1m[34mSELECT "stat_types".* FROM "stat_types" WHERE "stat_types"."category" = $1 AND "stat_types"."name" = $2 LIMIT $3[0m  [["category", "pitching"], ["name", "totalBases"], ["LIMIT", 1]]
  ↳ (eval):1:in `block (2 levels) in run_file'
  [1m[36mStatType Create (0.0ms)[0m  [1m[32mINSERT INTO "stat_types" ("name", "label", "category", "created_at", "updated_at") VALUES ($1, $2, $3, $4, $5) RETURNING "id"[0m  [["name", "totalBases"], ["label", "TB"], ["category", "pitching"], ["created_at", "2026-06-06 06:26:38.408895"], ["updated_at", "2026-06-06 06:26:38.408895"]]
  ↳ (eval):1:in `block (2 levels) in run_file'
  [1m[36mStatType Load (0.0ms)[0m  [1m[34mSELECT "stat_types".* FROM "stat_types" WHERE "stat_types"."category" = $1 AND "stat_types"."name" = $2 LIMIT $3[0m  [["category", "pitching"], ["name", "groundOutsToAirouts"], ["LIMIT", 1]]
  ↳ (eval):1:in `block (2 levels) in run_file'
  [1m[36mStatType Create (0.0ms)[0m  [1m[32mINSERT INTO "stat_types" ("name", "label", "category", "created_at", "updated_at") VALUES ($1, $2, $3, $4, $5) RETURNING "id"[0m  [["name", "groundOutsToAirouts"], ["label", "GO/AO"], ["category", "pitching"], ["created_at", "2026-06-06 06:26:38.409432"], ["updated_at", "2026-06-06 06:26:38.409432"]]
  ↳ (eval):1:in `block (2 levels) in run_file'
  [1m[36mStatType Load (0.0ms)[0m  [1m[34mSELECT "stat_types".* FROM "stat_types" WHERE "stat_types"."category" = $1 AND "stat_types"."name" = $2 LIMIT $3[0m  [["category", "pitching"], ["name", "pitchesPerInning"], ["LIMIT", 1]]
  ↳ (eval):1:in `block (2 levels) in run_file'
  [1m[36mStatType Create (0.0ms)[0m  [1m[32mINSERT INTO "stat_types" ("name", "label", "category", "created_at", "updated_at") VALUES ($1, $2, $3, $4, $5) RETURNING "id"[0m  [["name", "pitchesPerInning"], ["label", "P/IN"], ["category", "pitching"], ["created_at", "2026-06-06 06:26:38.409910"], ["updated_at", "2026-06-06 06:26:38.409910"]]
  ↳ (eval):1:in `block (2 levels) in run_file'
  [1m[36mStatType Load (0.0ms)[0m  [1m[34mSELECT "stat_types".* FROM "stat_types" WHERE "stat_types"."category" = $1 AND "stat_types"."name" = $2 LIMIT $3[0m  [["category", "pitching"], ["name", "rbi"], ["LIMIT", 1]]
  ↳ (eval):1:in `block (2 levels) in run_file'
  [1m[36mStatType Create (0.0ms)[0m  [1m[32mINSERT INTO "stat_types" ("name", "label", "category", "created_at", "updated_at") VALUES ($1, $2, $3, $4, $5) RETURNING "id"[0m  [["name", "rbi"], ["label", "RBI"], ["category", "pitching"], ["created_at", "2026-06-06 06:26:38.410473"], ["updated_at", "2026-06-06 06:26:38.410473"]]
  ↳ (eval):1:in `block (2 levels) in run_file'
  [1m[36mStatType Load (0.0ms)[0m  [1m[34mSELECT "stat_types".* FROM "stat_types" WHERE "stat_types"."category" = $1 AND "stat_types"."name" = $2 LIMIT $3[0m  [["category", "pitching"], ["name", "pitchesThrown"], ["LIMIT", 1]]
  ↳ (eval):1:in `block (2 levels) in run_file'
  [1m[36mStatType Create (0.0ms)[0m  [1m[32mINSERT INTO "stat_types" ("name", "label", "category", "created_at", "updated_at") VALUES ($1, $2, $3, $4, $5) RETURNING "id"[0m  [["name", "pitchesThrown"], ["label", "P"], ["category", "pitching"], ["created_at", "2026-06-06 06:26:38.410920"], ["updated_at", "2026-06-06 06:26:38.410920"]]
  ↳ (eval):1:in `block (2 levels) in run_file'
  [1m[36mStatType Load (0.0ms)[0m  [1m[34mSELECT "stat_types".* FROM "stat_types" WHERE "stat_types"."category" = $1 AND "stat_types"."name" = $2 LIMIT $3[0m  [["category", "pitching"], ["name", "strikeoutWalkRatio"], ["LIMIT", 1]]
  ↳ (eval):1:in `block (2 levels) in run_file'
  [1m[36mStatType Create (0.0ms)[0m  [1m[32mINSERT INTO "stat_types" ("name", "label", "category", "created_at", "updated_at") VALUES ($1, $2, $3, $4, $5) RETURNING "id"[0m  [["name", "strikeoutWalkRatio"], ["label", "K/BB"], ["category", "pitching"], ["created_at", "2026-06-06 06:26:38.411375"], ["updated_at", "2026-06-06 06:26:38.411375"]]
  ↳ (eval):1:in `block (2 levels) in run_file'
  [1m[36mStatType Load (0.0ms)[0m  [1m[34mSELECT "stat_types".* FROM "stat_types" WHERE "stat_types"."category" = $1 AND "stat_types"."name" = $2 LIMIT $3[0m  [["category", "pitching"], ["name", "strikeoutsPer9Inn"], ["LIMIT", 1]]
  ↳ (eval):1:in `block (2 levels) in run_file'
  [1m[36mStatType Create (0.0ms)[0m  [1m[32mINSERT INTO "stat_types" ("name", "label", "category", "created_at", "updated_at") VALUES ($1, $2, $3, $4, $5) RETURNING "id"[0m  [["name", "strikeoutsPer9Inn"], ["label", "K/9"], ["category", "pitching"], ["created_at", "2026-06-06 06:26:38.411879"], ["updated_at", "2026-06-06 06:26:38.411879"]]
  ↳ (eval):1:in `block (2 levels) in run_file'
  [1m[36mStatType Load (0.0ms)[0m  [1m[34mSELECT "stat_types".* FROM "stat_types" WHERE "stat_types"."category" = $1 AND "stat_types"."name" = $2 LIMIT $3[0m  [["category", "pitching"], ["name", "walksPer9Inn"], ["LIMIT", 1]]
  ↳ (eval):1:in `block (2 levels) in run_file'
  [1m[36mStatType Create (0.0ms)[0m  [1m[32mINSERT INTO "stat_types" ("name", "label", "category", "created_at", "updated_at") VALUES ($1, $2, $3, $4, $5) RETURNING "id"[0m  [["name", "walksPer9Inn"], ["label", "BB/9"], ["category", "pitching"], ["created_at", "2026-06-06 06:26:38.412337"], ["updated_at", "2026-06-06 06:26:38.412337"]]
  ↳ (eval):1:in `block (2 levels) in run_file'
  [1m[36mStatType Load (0.0ms)[0m  [1m[34mSELECT "stat_types".* FROM "stat_types" WHERE "stat_types"."category" = $1 AND "stat_types"."name" = $2 LIMIT $3[0m  [["category", "pitching"], ["name", "hitsPer9Inn"], ["LIMIT", 1]]
  ↳ (eval):1:in `block (2 levels) in run_file'
  [1m[36mStatType Create (0.0ms)[0m  [1m[32mINSERT INTO "stat_types" ("name", "label", "category", "created_at", "updated_at") VALUES ($1, $2, $3, $4, $5) RETURNING "id"[0m  [["name", "hitsPer9Inn"], ["label", "H/9"], ["category", "pitching"], ["created_at", "2026-06-06 06:26:38.412816"], ["updated_at", "2026-06-06 06:26:38.412816"]]
  ↳ (eval):1:in `block (2 levels) in run_file'
  [1m[36mStatType Load (0.0ms)[0m  [1m[34mSELECT "stat_types".* FROM "stat_types" WHERE "stat_types"."category" = $1 AND "stat_types"."name" = $2 LIMIT $3[0m  [["category", "pitching"], ["name", "homeRunsPer9"], ["LIMIT", 1]]
  ↳ (eval):1:in `block (2 levels) in run_file'
  [1m[36mStatType Create (0.0ms)[0m  [1m[32mINSERT INTO "stat_types" ("name", "label", "category", "created_at", "updated_at") VALUES ($1, $2, $3, $4, $5) RETURNING "id"[0m  [["name", "homeRunsPer9"], ["label", "HR/9"], ["category", "pitching"], ["created_at", "2026-06-06 06:26:38.413367"], ["updated_at", "2026-06-06 06:26:38.413367"]]
  ↳ (eval):1:in `block (2 levels) in run_file'
  [1m[36mStatType Load (0.0ms)[0m  [1m[34mSELECT "stat_types".* FROM "stat_types" WHERE "stat_types"."category" = $1 AND "stat_types"."name" = $2 LIMIT $3[0m  [["category", "pitching"], ["name", "sacBunts"], ["LIMIT", 1]]
  ↳ (eval):1:in `block (2 levels) in run_file'
  [1m[36mStatType Create (0.0ms)[0m  [1m[32mINSERT INTO "stat_types" ("name", "label", "category", "created_at", "updated_at") VALUES ($1, $2, $3, $4, $5) RETURNING "id"[0m  [["name", "sacBunts"], ["label", "SH"], ["category", "pitching"], ["created_at", "2026-06-06 06:26:38.413808"], ["updated_at", "2026-06-06 06:26:38.413808"]]
  ↳ (eval):1:in `block (2 levels) in run_file'
  [1m[36mStatType Load (0.0ms)[0m  [1m[34mSELECT "stat_types".* FROM "stat_types" WHERE "stat_types"."category" = $1 AND "stat_types"."name" = $2 LIMIT $3[0m  [["category", "pitching"], ["name", "sacFlies"], ["LIMIT", 1]]
  ↳ (eval):1:in `block (2 levels) in run_file'
  [1m[36mStatType Create (0.0ms)[0m  [1m[32mINSERT INTO "stat_types" ("name", "label", "category", "created_at", "updated_at") VALUES ($1, $2, $3, $4, $5) RETURNING "id"[0m  [["name", "sacFlies"], ["label", "SF"], ["category", "pitching"], ["created_at", "2026-06-06 06:26:38.414250"], ["updated_at", "2026-06-06 06:26:38.414250"]]
  ↳ (eval):1:in `block (2 levels) in run_file'
  [1m[36mStatType Load (0.0ms)[0m  [1m[34mSELECT "stat_types".* FROM "stat_types" WHERE "stat_types"."category" = $1 AND "stat_types"."name" = $2 LIMIT $3[0m  [["category", "pitching"], ["name", "velocity"], ["LIMIT", 1]]
  ↳ (eval):1:in `block (2 levels) in run_file'
  [1m[36mStatType Create (0.0ms)[0m  [1m[32mINSERT INTO "stat_types" ("name", "label", "category", "created_at", "updated_at") VALUES ($1, $2, $3, $4, $5) RETURNING "id"[0m  [["name", "velocity"], ["label", "Velo"], ["category", "pitching"], ["created_at", "2026-06-06 06:26:38.414742"], ["updated_at", "2026-06-06 06:26:38.414742"]]
  ↳ (eval):1:in `block (2 levels) in run_file'
  [1m[36mStatType Load (0.0ms)[0m  [1m[34mSELECT "stat_types".* FROM "stat_types" WHERE "stat_types"."category" = $1 AND "stat_types"."name" = $2 LIMIT $3[0m  [["category", "batting"], ["name", "gamesPlayed"], ["LIMIT", 1]]
  ↳ (eval):1:in `block (2 levels) in run_file'
  [1m[36mStatType Create (0.2ms)[0m  [1m[32mINSERT INTO "stat_types" ("name", "label", "category", "created_at", "updated_at") VALUES ($1, $2, $3, $4, $5) RETURNING "id"[0m  [["name", "gamesPlayed"], ["label", "G"], ["category", "batting"], ["created_at", "2026-06-06 06:26:38.415183"], ["updated_at", "2026-06-06 06:26:38.415183"]]
  ↳ (eval):1:in `block (2 levels) in run_file'
  [1m[36mTRANSACTION (0.0ms)[0m  [1m[31mROLLBACK[0m
  [1m[36mActiveRecord::SchemaMigration Load (1.0ms)[0m  [1m[34mSELECT "schema_migrations"."version" FROM "schema_migrations" ORDER BY "schema_migrations"."version" ASC[0m
  [1m[36mActiveRecord::InternalMetadata Load (0.7ms)[0m  [1m[34mSELECT * FROM "ar_internal_metadata" WHERE "ar_internal_metadata"."key" = $1 ORDER BY "ar_internal_metadata"."key" ASC LIMIT 1[0m  [[nil, "environment"]]
  [1m[36mActiveRecord::SchemaMigration Load (0.2ms)[0m  [1m[34mSELECT "schema_migrations"."version" FROM "schema_migrations" ORDER BY "schema_migrations"."version" ASC[0m
  [1m[36mActiveRecord::InternalMetadata Load (0.2ms)[0m  [1m[34mSELECT * FROM "ar_internal_metadata" WHERE "ar_internal_metadata"."key" = $1 ORDER BY "ar_internal_metadata"."key" ASC LIMIT 1[0m  [[nil, "environment"]]
  [1m[36mActiveRecord::SchemaMigration Load (0.1ms)[0m  [1m[34mSELECT "schema_migrations"."version" FROM "schema_migrations" ORDER BY "schema_migrations"."version" ASC[0m
  [1m[36mActiveRecord::InternalMetadata Load (0.2ms)[0m  [1m[34mSELECT * FROM "ar_internal_metadata" WHERE "ar_internal_metadata"."key" = $1 ORDER BY "ar_internal_metadata"."key" ASC LIMIT 1[0m  [[nil, "environment"]]
  [1m[35m (80.2ms)[0m  [1m[35mDROP DATABASE IF EXISTS "backend_development"[0m
  [1m[35m (14.0ms)[0m  [1m[35mDROP DATABASE IF EXISTS "backend_test"[0m
  [1m[35m (96.0ms)[0m  [1m[35mCREATE DATABASE "backend_development" ENCODING = 'unicode'[0m
  [1m[35m (63.7ms)[0m  [1m[35mCREATE DATABASE "backend_test" ENCODING = 'unicode'[0m
  [1m[35m (4.3ms)[0m  [1m[35mCREATE TABLE "schema_migrations" ("version" character varying NOT NULL PRIMARY KEY)[0m
  [1m[35m (2.8ms)[0m  [1m[35mCREATE TABLE "ar_internal_metadata" ("key" character varying NOT NULL PRIMARY KEY, "value" character varying, "created_at" timestamp(6) NOT NULL, "updated_at" timestamp(6) NOT NULL)[0m
  [1m[35m (0.1ms)[0m  [1m[34mSELECT pg_try_advisory_lock(5073945470573576205)[0m
  [1m[36mActiveRecord::SchemaMigration Load (0.6ms)[0m  [1m[34mSELECT "schema_migrations"."version" FROM "schema_migrations" ORDER BY "schema_migrations"."version" ASC[0m
  [1m[36mActiveRecord::InternalMetadata Load (0.9ms)[0m  [1m[34mSELECT * FROM "ar_internal_metadata" WHERE "ar_internal_metadata"."key" = $1 ORDER BY "ar_internal_metadata"."key" ASC LIMIT 1[0m  [[nil, "environment"]]
  [1m[36mActiveRecord::InternalMetadata Create (0.5ms)[0m  [1m[32mINSERT INTO "ar_internal_metadata" ("key", "value", "created_at", "updated_at") VALUES ('environment', 'development', '2026-06-06 06:27:59.810254', '2026-06-06 06:27:59.810256') RETURNING "key"[0m
Migrating to CreatePlayerStats (20260603000000)
  [1m[36mTRANSACTION (0.1ms)[0m  [1m[35mBEGIN[0m
  [1m[35m (5.4ms)[0m  [1m[35mCREATE TABLE "player_stats" ("id" bigserial primary key, "player_id" character varying NOT NULL, "source_url" character varying NOT NULL, "row_number" integer NOT NULL, "stats_data" jsonb DEFAULT '{}' NOT NULL, "created_at" timestamp(6) NOT NULL, "updated_at" timestamp(6) NOT NULL)[0m
  [1m[35m (0.9ms)[0m  [1m[35mCREATE INDEX "index_player_stats_on_player_id_and_source_url" ON "player_stats" ("player_id", "source_url")[0m
  [1m[35m (0.9ms)[0m  [1m[35mCREATE UNIQUE INDEX "index_player_stats_on_player_id_and_source_url_and_row_number" ON "player_stats" ("player_id", "source_url", "row_number")[0m
  [1m[36mActiveRecord::SchemaMigration Create (0.3ms)[0m  [1m[32mINSERT INTO "schema_migrations" ("version") VALUES ('20260603000000') RETURNING "version"[0m
  [1m[36mTRANSACTION (0.4ms)[0m  [1m[35mCOMMIT[0m
Migrating to CreateTeams (20260603001000)
  [1m[36mTRANSACTION (0.2ms)[0m  [1m[35mBEGIN[0m
  [1m[35m (3.5ms)[0m  [1m[35mCREATE TABLE "teams" ("id" bigserial primary key, "mlb_id" integer NOT NULL, "name" character varying NOT NULL, "abbreviation" character varying NOT NULL, "team_name" character varying NOT NULL, "location_name" character varying NOT NULL, "short_name" character varying NOT NULL, "team_code" character varying NOT NULL, "file_code" character varying NOT NULL, "created_at" timestamp(6) NOT NULL, "updated_at" timestamp(6) NOT NULL)[0m
  [1m[35m (0.7ms)[0m  [1m[35mCREATE UNIQUE INDEX "index_teams_on_mlb_id" ON "teams" ("mlb_id")[0m
  [1m[36mActiveRecord::SchemaMigration Create (0.1ms)[0m  [1m[32mINSERT INTO "schema_migrations" ("version") VALUES ('20260603001000') RETURNING "version"[0m
  [1m[36mTRANSACTION (0.2ms)[0m  [1m[35mCOMMIT[0m
Migrating to CreatePlayers (20260603002000)
  [1m[36mTRANSACTION (0.2ms)[0m  [1m[35mBEGIN[0m
  [1m[35m (6.2ms)[0m  [1m[35mCREATE TABLE "players" ("id" bigserial primary key, "mlb_id" integer NOT NULL, "first_name" character varying NOT NULL, "last_name" character varying NOT NULL, "team_id" bigint NOT NULL, "created_at" timestamp(6) NOT NULL, "updated_at" timestamp(6) NOT NULL, CONSTRAINT "fk_rails_8880a915a5"
FOREIGN KEY ("team_id")
  REFERENCES "teams" ("id")
)[0m
  [1m[35m (0.9ms)[0m  [1m[35mCREATE INDEX "index_players_on_team_id" ON "players" ("team_id")[0m
  [1m[35m (0.7ms)[0m  [1m[35mCREATE UNIQUE INDEX "index_players_on_mlb_id" ON "players" ("mlb_id")[0m
  [1m[36mActiveRecord::SchemaMigration Create (0.2ms)[0m  [1m[32mINSERT INTO "schema_migrations" ("version") VALUES ('20260603002000') RETURNING "version"[0m
  [1m[36mTRANSACTION (0.7ms)[0m  [1m[35mCOMMIT[0m
Migrating to CreateStatTypes (20260603003000)
  [1m[36mTRANSACTION (0.3ms)[0m  [1m[35mBEGIN[0m
  [1m[35m (3.9ms)[0m  [1m[35mCREATE TABLE "stat_types" ("id" bigserial primary key, "name" character varying NOT NULL, "label" character varying NOT NULL, "category" character varying NOT NULL, "created_at" timestamp(6) NOT NULL, "updated_at" timestamp(6) NOT NULL)[0m
  [1m[35m (0.8ms)[0m  [1m[35mCREATE UNIQUE INDEX "index_stat_types_on_name_and_category" ON "stat_types" ("name", "category")[0m
  [1m[36mActiveRecord::SchemaMigration Create (0.2ms)[0m  [1m[32mINSERT INTO "schema_migrations" ("version") VALUES ('20260603003000') RETURNING "version"[0m
  [1m[36mTRANSACTION (0.2ms)[0m  [1m[35mCOMMIT[0m
Migrating to CreatePlayerSeasonStats (20260606000000)
  [1m[36mTRANSACTION (0.3ms)[0m  [1m[35mBEGIN[0m
  [1m[35m (3.5ms)[0m  [1m[35mCREATE TABLE "player_season_stats" ("id" bigserial primary key, "player_id" bigint NOT NULL, "stat_type_id" bigint NOT NULL, "season" integer NOT NULL, "value" decimal(12,4) NOT NULL, "created_at" timestamp(6) NOT NULL, "updated_at" timestamp(6) NOT NULL, CONSTRAINT "fk_rails_5ae6203726"
FOREIGN KEY ("player_id")
  REFERENCES "players" ("id")
, CONSTRAINT "fk_rails_357bdaf1f0"
FOREIGN KEY ("stat_type_id")
  REFERENCES "stat_types" ("id")
)[0m
  [1m[35m (0.3ms)[0m  [1m[35mCREATE INDEX "index_player_season_stats_on_player_id" ON "player_season_stats" ("player_id")[0m
  [1m[35m (0.6ms)[0m  [1m[35mCREATE INDEX "index_player_season_stats_on_stat_type_id" ON "player_season_stats" ("stat_type_id")[0m
  [1m[35m (0.8ms)[0m  [1m[35mCREATE UNIQUE INDEX "idx_on_player_id_stat_type_id_season_58662b691e" ON "player_season_stats" ("player_id", "stat_type_id", "season")[0m
  [1m[36mActiveRecord::SchemaMigration Create (0.2ms)[0m  [1m[32mINSERT INTO "schema_migrations" ("version") VALUES ('20260606000000') RETURNING "version"[0m
  [1m[36mTRANSACTION (0.4ms)[0m  [1m[35mCOMMIT[0m
  [1m[35m (0.4ms)[0m  [1m[34mSELECT pg_advisory_unlock(5073945470573576205)[0m
  [1m[36mActiveRecord::SchemaMigration Load (0.2ms)[0m  [1m[34mSELECT "schema_migrations"."version" FROM "schema_migrations" ORDER BY "schema_migrations"."version" ASC[0m
  [1m[36mTRANSACTION (0.1ms)[0m  [1m[35mBEGIN[0m
  ↳ (eval):1:in `block (2 levels) in run_file'
  [1m[36mStatType Load (1.0ms)[0m  [1m[34mSELECT "stat_types".* FROM "stat_types" WHERE "stat_types"."category" = $1 AND "stat_types"."name" = $2 LIMIT $3[0m  [["category", "pitching"], ["name", "W"], ["LIMIT", 1]]
  ↳ (eval):1:in `block (2 levels) in run_file'
  [1m[36mStatType Create (0.7ms)[0m  [1m[32mINSERT INTO "stat_types" ("name", "label", "category", "created_at", "updated_at") VALUES ($1, $2, $3, $4, $5) RETURNING "id"[0m  [["name", "W"], ["label", "W"], ["category", "pitching"], ["created_at", "2026-06-06 06:28:18.083062"], ["updated_at", "2026-06-06 06:28:18.083062"]]
  ↳ (eval):1:in `block (2 levels) in run_file'
  [1m[36mStatType Load (0.1ms)[0m  [1m[34mSELECT "stat_types".* FROM "stat_types" WHERE "stat_types"."category" = $1 AND "stat_types"."name" = $2 LIMIT $3[0m  [["category", "pitching"], ["name", "L"], ["LIMIT", 1]]
  ↳ (eval):1:in `block (2 levels) in run_file'
  [1m[36mStatType Create (0.1ms)[0m  [1m[32mINSERT INTO "stat_types" ("name", "label", "category", "created_at", "updated_at") VALUES ($1, $2, $3, $4, $5) RETURNING "id"[0m  [["name", "L"], ["label", "L"], ["category", "pitching"], ["created_at", "2026-06-06 06:28:18.084836"], ["updated_at", "2026-06-06 06:28:18.084836"]]
  ↳ (eval):1:in `block (2 levels) in run_file'
  [1m[36mStatType Load (0.1ms)[0m  [1m[34mSELECT "stat_types".* FROM "stat_types" WHERE "stat_types"."category" = $1 AND "stat_types"."name" = $2 LIMIT $3[0m  [["category", "pitching"], ["name", "SV"], ["LIMIT", 1]]
  ↳ (eval):1:in `block (2 levels) in run_file'
  [1m[36mStatType Create (0.1ms)[0m  [1m[32mINSERT INTO "stat_types" ("name", "label", "category", "created_at", "updated_at") VALUES ($1, $2, $3, $4, $5) RETURNING "id"[0m  [["name", "SV"], ["label", "SV"], ["category", "pitching"], ["created_at", "2026-06-06 06:28:18.085564"], ["updated_at", "2026-06-06 06:28:18.085564"]]
  ↳ (eval):1:in `block (2 levels) in run_file'
  [1m[36mStatType Load (0.1ms)[0m  [1m[34mSELECT "stat_types".* FROM "stat_types" WHERE "stat_types"."category" = $1 AND "stat_types"."name" = $2 LIMIT $3[0m  [["category", "pitching"], ["name", "IP"], ["LIMIT", 1]]
  ↳ (eval):1:in `block (2 levels) in run_file'
  [1m[36mStatType Create (0.1ms)[0m  [1m[32mINSERT INTO "stat_types" ("name", "label", "category", "created_at", "updated_at") VALUES ($1, $2, $3, $4, $5) RETURNING "id"[0m  [["name", "IP"], ["label", "IP"], ["category", "pitching"], ["created_at", "2026-06-06 06:28:18.086146"], ["updated_at", "2026-06-06 06:28:18.086146"]]
  ↳ (eval):1:in `block (2 levels) in run_file'
  [1m[36mStatType Load (0.1ms)[0m  [1m[34mSELECT "stat_types".* FROM "stat_types" WHERE "stat_types"."category" = $1 AND "stat_types"."name" = $2 LIMIT $3[0m  [["category", "pitching"], ["name", "SO"], ["LIMIT", 1]]
  ↳ (eval):1:in `block (2 levels) in run_file'
  [1m[36mStatType Create (0.1ms)[0m  [1m[32mINSERT INTO "stat_types" ("name", "label", "category", "created_at", "updated_at") VALUES ($1, $2, $3, $4, $5) RETURNING "id"[0m  [["name", "SO"], ["label", "SO"], ["category", "pitching"], ["created_at", "2026-06-06 06:28:18.086709"], ["updated_at", "2026-06-06 06:28:18.086709"]]
  ↳ (eval):1:in `block (2 levels) in run_file'
  [1m[36mStatType Load (0.1ms)[0m  [1m[34mSELECT "stat_types".* FROM "stat_types" WHERE "stat_types"."category" = $1 AND "stat_types"."name" = $2 LIMIT $3[0m  [["category", "pitching"], ["name", "TBF"], ["LIMIT", 1]]
  ↳ (eval):1:in `block (2 levels) in run_file'
  [1m[36mStatType Create (0.2ms)[0m  [1m[32mINSERT INTO "stat_types" ("name", "label", "category", "created_at", "updated_at") VALUES ($1, $2, $3, $4, $5) RETURNING "id"[0m  [["name", "TBF"], ["label", "TBF"], ["category", "pitching"], ["created_at", "2026-06-06 06:28:18.087493"], ["updated_at", "2026-06-06 06:28:18.087493"]]
  ↳ (eval):1:in `block (2 levels) in run_file'
  [1m[36mStatType Load (0.1ms)[0m  [1m[34mSELECT "stat_types".* FROM "stat_types" WHERE "stat_types"."category" = $1 AND "stat_types"."name" = $2 LIMIT $3[0m  [["category", "pitching"], ["name", "AVG"], ["LIMIT", 1]]
  ↳ (eval):1:in `block (2 levels) in run_file'
  [1m[36mStatType Create (0.2ms)[0m  [1m[32mINSERT INTO "stat_types" ("name", "label", "category", "created_at", "updated_at") VALUES ($1, $2, $3, $4, $5) RETURNING "id"[0m  [["name", "AVG"], ["label", "AVG"], ["category", "pitching"], ["created_at", "2026-06-06 06:28:18.088249"], ["updated_at", "2026-06-06 06:28:18.088249"]]
  ↳ (eval):1:in `block (2 levels) in run_file'
  [1m[36mStatType Load (0.1ms)[0m  [1m[34mSELECT "stat_types".* FROM "stat_types" WHERE "stat_types"."category" = $1 AND "stat_types"."name" = $2 LIMIT $3[0m  [["category", "pitching"], ["name", "K/9"], ["LIMIT", 1]]
  ↳ (eval):1:in `block (2 levels) in run_file'
  [1m[36mStatType Create (0.1ms)[0m  [1m[32mINSERT INTO "stat_types" ("name", "label", "category", "created_at", "updated_at") VALUES ($1, $2, $3, $4, $5) RETURNING "id"[0m  [["name", "K/9"], ["label", "K/9"], ["category", "pitching"], ["created_at", "2026-06-06 06:28:18.088956"], ["updated_at", "2026-06-06 06:28:18.088956"]]
  ↳ (eval):1:in `block (2 levels) in run_file'
  [1m[36mStatType Load (0.1ms)[0m  [1m[34mSELECT "stat_types".* FROM "stat_types" WHERE "stat_types"."category" = $1 AND "stat_types"."name" = $2 LIMIT $3[0m  [["category", "pitching"], ["name", "BB/9"], ["LIMIT", 1]]
  ↳ (eval):1:in `block (2 levels) in run_file'
  [1m[36mStatType Create (0.1ms)[0m  [1m[32mINSERT INTO "stat_types" ("name", "label", "category", "created_at", "updated_at") VALUES ($1, $2, $3, $4, $5) RETURNING "id"[0m  [["name", "BB/9"], ["label", "BB/9"], ["category", "pitching"], ["created_at", "2026-06-06 06:28:18.089655"], ["updated_at", "2026-06-06 06:28:18.089655"]]
  ↳ (eval):1:in `block (2 levels) in run_file'
  [1m[36mStatType Load (0.1ms)[0m  [1m[34mSELECT "stat_types".* FROM "stat_types" WHERE "stat_types"."category" = $1 AND "stat_types"."name" = $2 LIMIT $3[0m  [["category", "pitching"], ["name", "K/BB"], ["LIMIT", 1]]
  ↳ (eval):1:in `block (2 levels) in run_file'
  [1m[36mStatType Create (0.1ms)[0m  [1m[32mINSERT INTO "stat_types" ("name", "label", "category", "created_at", "updated_at") VALUES ($1, $2, $3, $4, $5) RETURNING "id"[0m  [["name", "K/BB"], ["label", "K/BB"], ["category", "pitching"], ["created_at", "2026-06-06 06:28:18.090294"], ["updated_at", "2026-06-06 06:28:18.090294"]]
  ↳ (eval):1:in `block (2 levels) in run_file'
  [1m[36mStatType Load (0.1ms)[0m  [1m[34mSELECT "stat_types".* FROM "stat_types" WHERE "stat_types"."category" = $1 AND "stat_types"."name" = $2 LIMIT $3[0m  [["category", "pitching"], ["name", "HR/9"], ["LIMIT", 1]]
  ↳ (eval):1:in `block (2 levels) in run_file'
  [1m[36mStatType Create (0.1ms)[0m  [1m[32mINSERT INTO "stat_types" ("name", "label", "category", "created_at", "updated_at") VALUES ($1, $2, $3, $4, $5) RETURNING "id"[0m  [["name", "HR/9"], ["label", "HR/9"], ["category", "pitching"], ["created_at", "2026-06-06 06:28:18.090893"], ["updated_at", "2026-06-06 06:28:18.090893"]]
  ↳ (eval):1:in `block (2 levels) in run_file'
  [1m[36mStatType Load (0.0ms)[0m  [1m[34mSELECT "stat_types".* FROM "stat_types" WHERE "stat_types"."category" = $1 AND "stat_types"."name" = $2 LIMIT $3[0m  [["category", "pitching"], ["name", "K%"], ["LIMIT", 1]]
  ↳ (eval):1:in `block (2 levels) in run_file'
  [1m[36mStatType Create (0.1ms)[0m  [1m[32mINSERT INTO "stat_types" ("name", "label", "category", "created_at", "updated_at") VALUES ($1, $2, $3, $4, $5) RETURNING "id"[0m  [["name", "K%"], ["label", "K%"], ["category", "pitching"], ["created_at", "2026-06-06 06:28:18.091519"], ["updated_at", "2026-06-06 06:28:18.091519"]]
  ↳ (eval):1:in `block (2 levels) in run_file'
  [1m[36mStatType Load (0.0ms)[0m  [1m[34mSELECT "stat_types".* FROM "stat_types" WHERE "stat_types"."category" = $1 AND "stat_types"."name" = $2 LIMIT $3[0m  [["category", "pitching"], ["name", "BB%"], ["LIMIT", 1]]
  ↳ (eval):1:in `block (2 levels) in run_file'
  [1m[36mStatType Create (0.1ms)[0m  [1m[32mINSERT INTO "stat_types" ("name", "label", "category", "created_at", "updated_at") VALUES ($1, $2, $3, $4, $5) RETURNING "id"[0m  [["name", "BB%"], ["label", "BB%"], ["category", "pitching"], ["created_at", "2026-06-06 06:28:18.092095"], ["updated_at", "2026-06-06 06:28:18.092095"]]
  ↳ (eval):1:in `block (2 levels) in run_file'
  [1m[36mStatType Load (0.1ms)[0m  [1m[34mSELECT "stat_types".* FROM "stat_types" WHERE "stat_types"."category" = $1 AND "stat_types"."name" = $2 LIMIT $3[0m  [["category", "pitching"], ["name", "K-BB%"], ["LIMIT", 1]]
  ↳ (eval):1:in `block (2 levels) in run_file'
  [1m[36mStatType Create (0.1ms)[0m  [1m[32mINSERT INTO "stat_types" ("name", "label", "category", "created_at", "updated_at") VALUES ($1, $2, $3, $4, $5) RETURNING "id"[0m  [["name", "K-BB%"], ["label", "K-BB%"], ["category", "pitching"], ["created_at", "2026-06-06 06:28:18.092714"], ["updated_at", "2026-06-06 06:28:18.092714"]]
  ↳ (eval):1:in `block (2 levels) in run_file'
  [1m[36mStatType Load (0.1ms)[0m  [1m[34mSELECT "stat_types".* FROM "stat_types" WHERE "stat_types"."category" = $1 AND "stat_types"."name" = $2 LIMIT $3[0m  [["category", "pitching"], ["name", "WHIP"], ["LIMIT", 1]]
  ↳ (eval):1:in `block (2 levels) in run_file'
  [1m[36mStatType Create (0.1ms)[0m  [1m[32mINSERT INTO "stat_types" ("name", "label", "category", "created_at", "updated_at") VALUES ($1, $2, $3, $4, $5) RETURNING "id"[0m  [["name", "WHIP"], ["label", "WHIP"], ["category", "pitching"], ["created_at", "2026-06-06 06:28:18.093416"], ["updated_at", "2026-06-06 06:28:18.093416"]]
  ↳ (eval):1:in `block (2 levels) in run_file'
  [1m[36mStatType Load (0.1ms)[0m  [1m[34mSELECT "stat_types".* FROM "stat_types" WHERE "stat_types"."category" = $1 AND "stat_types"."name" = $2 LIMIT $3[0m  [["category", "pitching"], ["name", "BABIP"], ["LIMIT", 1]]
  ↳ (eval):1:in `block (2 levels) in run_file'
  [1m[36mStatType Create (0.2ms)[0m  [1m[32mINSERT INTO "stat_types" ("name", "label", "category", "created_at", "updated_at") VALUES ($1, $2, $3, $4, $5) RETURNING "id"[0m  [["name", "BABIP"], ["label", "BABIP"], ["category", "pitching"], ["created_at", "2026-06-06 06:28:18.104255"], ["updated_at", "2026-06-06 06:28:18.104255"]]
  ↳ (eval):1:in `block (2 levels) in run_file'
  [1m[36mStatType Load (0.1ms)[0m  [1m[34mSELECT "stat_types".* FROM "stat_types" WHERE "stat_types"."category" = $1 AND "stat_types"."name" = $2 LIMIT $3[0m  [["category", "pitching"], ["name", "LOB%"], ["LIMIT", 1]]
  ↳ (eval):1:in `block (2 levels) in run_file'
  [1m[36mStatType Create (0.1ms)[0m  [1m[32mINSERT INTO "stat_types" ("name", "label", "category", "created_at", "updated_at") VALUES ($1, $2, $3, $4, $5) RETURNING "id"[0m  [["name", "LOB%"], ["label", "LOB%"], ["category", "pitching"], ["created_at", "2026-06-06 06:28:18.104992"], ["updated_at", "2026-06-06 06:28:18.104992"]]
  ↳ (eval):1:in `block (2 levels) in run_file'
  [1m[36mStatType Load (0.1ms)[0m  [1m[34mSELECT "stat_types".* FROM "stat_types" WHERE "stat_types"."category" = $1 AND "stat_types"."name" = $2 LIMIT $3[0m  [["category", "pitching"], ["name", "xFIP"], ["LIMIT", 1]]
  ↳ (eval):1:in `block (2 levels) in run_file'
  [1m[36mStatType Create (0.1ms)[0m  [1m[32mINSERT INTO "stat_types" ("name", "label", "category", "created_at", "updated_at") VALUES ($1, $2, $3, $4, $5) RETURNING "id"[0m  [["name", "xFIP"], ["label", "xFIP"], ["category", "pitching"], ["created_at", "2026-06-06 06:28:18.105728"], ["updated_at", "2026-06-06 06:28:18.105728"]]
  ↳ (eval):1:in `block (2 levels) in run_file'
  [1m[36mStatType Load (0.1ms)[0m  [1m[34mSELECT "stat_types".* FROM "stat_types" WHERE "stat_types"."category" = $1 AND "stat_types"."name" = $2 LIMIT $3[0m  [["category", "pitching"], ["name", "FIP"], ["LIMIT", 1]]
  ↳ (eval):1:in `block (2 levels) in run_file'
  [1m[36mStatType Create (0.1ms)[0m  [1m[32mINSERT INTO "stat_types" ("name", "label", "category", "created_at", "updated_at") VALUES ($1, $2, $3, $4, $5) RETURNING "id"[0m  [["name", "FIP"], ["label", "FIP"], ["category", "pitching"], ["created_at", "2026-06-06 06:28:18.106302"], ["updated_at", "2026-06-06 06:28:18.106302"]]
  ↳ (eval):1:in `block (2 levels) in run_file'
  [1m[36mStatType Load (0.1ms)[0m  [1m[34mSELECT "stat_types".* FROM "stat_types" WHERE "stat_types"."category" = $1 AND "stat_types"."name" = $2 LIMIT $3[0m  [["category", "pitching"], ["name", "hits"], ["LIMIT", 1]]
  ↳ (eval):1:in `block (2 levels) in run_file'
  [1m[36mStatType Create (0.1ms)[0m  [1m[32mINSERT INTO "stat_types" ("name", "label", "category", "created_at", "updated_at") VALUES ($1, $2, $3, $4, $5) RETURNING "id"[0m  [["name", "hits"], ["label", "H"], ["category", "pitching"], ["created_at", "2026-06-06 06:28:18.106809"], ["updated_at", "2026-06-06 06:28:18.106809"]]
  ↳ (eval):1:in `block (2 levels) in run_file'
  [1m[36mStatType Load (0.0ms)[0m  [1m[34mSELECT "stat_types".* FROM "stat_types" WHERE "stat_types"."category" = $1 AND "stat_types"."name" = $2 LIMIT $3[0m  [["category", "pitching"], ["name", "H"], ["LIMIT", 1]]
  ↳ (eval):1:in `block (2 levels) in run_file'
  [1m[36mStatType Create (0.1ms)[0m  [1m[32mINSERT INTO "stat_types" ("name", "label", "category", "created_at", "updated_at") VALUES ($1, $2, $3, $4, $5) RETURNING "id"[0m  [["name", "H"], ["label", "H"], ["category", "pitching"], ["created_at", "2026-06-06 06:28:18.107450"], ["updated_at", "2026-06-06 06:28:18.107450"]]
  ↳ (eval):1:in `block (2 levels) in run_file'
  [1m[36mStatType Load (0.0ms)[0m  [1m[34mSELECT "stat_types".* FROM "stat_types" WHERE "stat_types"."category" = $1 AND "stat_types"."name" = $2 LIMIT $3[0m  [["category", "pitching"], ["name", "2B"], ["LIMIT", 1]]
  ↳ (eval):1:in `block (2 levels) in run_file'
  [1m[36mStatType Create (0.1ms)[0m  [1m[32mINSERT INTO "stat_types" ("name", "label", "category", "created_at", "updated_at") VALUES ($1, $2, $3, $4, $5) RETURNING "id"[0m  [["name", "2B"], ["label", "2B"], ["category", "pitching"], ["created_at", "2026-06-06 06:28:18.107986"], ["updated_at", "2026-06-06 06:28:18.107986"]]
  ↳ (eval):1:in `block (2 levels) in run_file'
  [1m[36mStatType Load (0.1ms)[0m  [1m[34mSELECT "stat_types".* FROM "stat_types" WHERE "stat_types"."category" = $1 AND "stat_types"."name" = $2 LIMIT $3[0m  [["category", "pitching"], ["name", "3B"], ["LIMIT", 1]]
  ↳ (eval):1:in `block (2 levels) in run_file'
  [1m[36mStatType Create (0.1ms)[0m  [1m[32mINSERT INTO "stat_types" ("name", "label", "category", "created_at", "updated_at") VALUES ($1, $2, $3, $4, $5) RETURNING "id"[0m  [["name", "3B"], ["label", "3B"], ["category", "pitching"], ["created_at", "2026-06-06 06:28:18.108553"], ["updated_at", "2026-06-06 06:28:18.108553"]]
  ↳ (eval):1:in `block (2 levels) in run_file'
  [1m[36mStatType Load (0.1ms)[0m  [1m[34mSELECT "stat_types".* FROM "stat_types" WHERE "stat_types"."category" = $1 AND "stat_types"."name" = $2 LIMIT $3[0m  [["category", "pitching"], ["name", "runs"], ["LIMIT", 1]]
  ↳ (eval):1:in `block (2 levels) in run_file'
  [1m[36mStatType Create (0.1ms)[0m  [1m[32mINSERT INTO "stat_types" ("name", "label", "category", "created_at", "updated_at") VALUES ($1, $2, $3, $4, $5) RETURNING "id"[0m  [["name", "runs"], ["label", "R"], ["category", "pitching"], ["created_at", "2026-06-06 06:28:18.109104"], ["updated_at", "2026-06-06 06:28:18.109104"]]
  ↳ (eval):1:in `block (2 levels) in run_file'
  [1m[36mStatType Load (0.1ms)[0m  [1m[34mSELECT "stat_types".* FROM "stat_types" WHERE "stat_types"."category" = $1 AND "stat_types"."name" = $2 LIMIT $3[0m  [["category", "pitching"], ["name", "R"], ["LIMIT", 1]]
  ↳ (eval):1:in `block (2 levels) in run_file'
  [1m[36mStatType Create (0.1ms)[0m  [1m[32mINSERT INTO "stat_types" ("name", "label", "category", "created_at", "updated_at") VALUES ($1, $2, $3, $4, $5) RETURNING "id"[0m  [["name", "R"], ["label", "R"], ["category", "pitching"], ["created_at", "2026-06-06 06:28:18.109641"], ["updated_at", "2026-06-06 06:28:18.109641"]]
  ↳ (eval):1:in `block (2 levels) in run_file'
  [1m[36mStatType Load (0.1ms)[0m  [1m[34mSELECT "stat_types".* FROM "stat_types" WHERE "stat_types"."category" = $1 AND "stat_types"."name" = $2 LIMIT $3[0m  [["category", "pitching"], ["name", "ER"], ["LIMIT", 1]]
  ↳ (eval):1:in `block (2 levels) in run_file'
  [1m[36mStatType Create (0.1ms)[0m  [1m[32mINSERT INTO "stat_types" ("name", "label", "category", "created_at", "updated_at") VALUES ($1, $2, $3, $4, $5) RETURNING "id"[0m  [["name", "ER"], ["label", "ER"], ["category", "pitching"], ["created_at", "2026-06-06 06:28:18.110242"], ["updated_at", "2026-06-06 06:28:18.110242"]]
  ↳ (eval):1:in `block (2 levels) in run_file'
  [1m[36mStatType Load (0.1ms)[0m  [1m[34mSELECT "stat_types".* FROM "stat_types" WHERE "stat_types"."category" = $1 AND "stat_types"."name" = $2 LIMIT $3[0m  [["category", "pitching"], ["name", "homeRuns"], ["LIMIT", 1]]
  ↳ (eval):1:in `block (2 levels) in run_file'
  [1m[36mStatType Create (0.1ms)[0m  [1m[32mINSERT INTO "stat_types" ("name", "label", "category", "created_at", "updated_at") VALUES ($1, $2, $3, $4, $5) RETURNING "id"[0m  [["name", "homeRuns"], ["label", "HR"], ["category", "pitching"], ["created_at", "2026-06-06 06:28:18.110774"], ["updated_at", "2026-06-06 06:28:18.110774"]]
  ↳ (eval):1:in `block (2 levels) in run_file'
  [1m[36mStatType Load (0.1ms)[0m  [1m[34mSELECT "stat_types".* FROM "stat_types" WHERE "stat_types"."category" = $1 AND "stat_types"."name" = $2 LIMIT $3[0m  [["category", "pitching"], ["name", "HR"], ["LIMIT", 1]]
  ↳ (eval):1:in `block (2 levels) in run_file'
  [1m[36mStatType Create (0.1ms)[0m  [1m[32mINSERT INTO "stat_types" ("name", "label", "category", "created_at", "updated_at") VALUES ($1, $2, $3, $4, $5) RETURNING "id"[0m  [["name", "HR"], ["label", "HR"], ["category", "pitching"], ["created_at", "2026-06-06 06:28:18.111341"], ["updated_at", "2026-06-06 06:28:18.111341"]]
  ↳ (eval):1:in `block (2 levels) in run_file'
  [1m[36mStatType Load (0.1ms)[0m  [1m[34mSELECT "stat_types".* FROM "stat_types" WHERE "stat_types"."category" = $1 AND "stat_types"."name" = $2 LIMIT $3[0m  [["category", "pitching"], ["name", "BB"], ["LIMIT", 1]]
  ↳ (eval):1:in `block (2 levels) in run_file'
  [1m[36mStatType Create (0.1ms)[0m  [1m[32mINSERT INTO "stat_types" ("name", "label", "category", "created_at", "updated_at") VALUES ($1, $2, $3, $4, $5) RETURNING "id"[0m  [["name", "BB"], ["label", "BB"], ["category", "pitching"], ["created_at", "2026-06-06 06:28:18.111942"], ["updated_at", "2026-06-06 06:28:18.111942"]]
  ↳ (eval):1:in `block (2 levels) in run_file'
  [1m[36mStatType Load (0.1ms)[0m  [1m[34mSELECT "stat_types".* FROM "stat_types" WHERE "stat_types"."category" = $1 AND "stat_types"."name" = $2 LIMIT $3[0m  [["category", "pitching"], ["name", "baseOnBalls"], ["LIMIT", 1]]
  ↳ (eval):1:in `block (2 levels) in run_file'
  [1m[36mStatType Create (0.1ms)[0m  [1m[32mINSERT INTO "stat_types" ("name", "label", "category", "created_at", "updated_at") VALUES ($1, $2, $3, $4, $5) RETURNING "id"[0m  [["name", "baseOnBalls"], ["label", "BB"], ["category", "pitching"], ["created_at", "2026-06-06 06:28:18.112482"], ["updated_at", "2026-06-06 06:28:18.112482"]]
  ↳ (eval):1:in `block (2 levels) in run_file'
  [1m[36mStatType Load (0.1ms)[0m  [1m[34mSELECT "stat_types".* FROM "stat_types" WHERE "stat_types"."category" = $1 AND "stat_types"."name" = $2 LIMIT $3[0m  [["category", "pitching"], ["name", "IBB"], ["LIMIT", 1]]
  ↳ (eval):1:in `block (2 levels) in run_file'
  [1m[36mStatType Create (0.1ms)[0m  [1m[32mINSERT INTO "stat_types" ("name", "label", "category", "created_at", "updated_at") VALUES ($1, $2, $3, $4, $5) RETURNING "id"[0m  [["name", "IBB"], ["label", "IBB"], ["category", "pitching"], ["created_at", "2026-06-06 06:28:18.113142"], ["updated_at", "2026-06-06 06:28:18.113142"]]
  ↳ (eval):1:in `block (2 levels) in run_file'
  [1m[36mStatType Load (0.1ms)[0m  [1m[34mSELECT "stat_types".* FROM "stat_types" WHERE "stat_types"."category" = $1 AND "stat_types"."name" = $2 LIMIT $3[0m  [["category", "pitching"], ["name", "HBP"], ["LIMIT", 1]]
  ↳ (eval):1:in `block (2 levels) in run_file'
  [1m[36mStatType Create (0.1ms)[0m  [1m[32mINSERT INTO "stat_types" ("name", "label", "category", "created_at", "updated_at") VALUES ($1, $2, $3, $4, $5) RETURNING "id"[0m  [["name", "HBP"], ["label", "HBP"], ["category", "pitching"], ["created_at", "2026-06-06 06:28:18.113732"], ["updated_at", "2026-06-06 06:28:18.113732"]]
  ↳ (eval):1:in `block (2 levels) in run_file'
  [1m[36mStatType Load (0.0ms)[0m  [1m[34mSELECT "stat_types".* FROM "stat_types" WHERE "stat_types"."category" = $1 AND "stat_types"."name" = $2 LIMIT $3[0m  [["category", "pitching"], ["name", "OBP"], ["LIMIT", 1]]
  ↳ (eval):1:in `block (2 levels) in run_file'
  [1m[36mStatType Create (0.1ms)[0m  [1m[32mINSERT INTO "stat_types" ("name", "label", "category", "created_at", "updated_at") VALUES ($1, $2, $3, $4, $5) RETURNING "id"[0m  [["name", "OBP"], ["label", "OBP"], ["category", "pitching"], ["created_at", "2026-06-06 06:28:18.114286"], ["updated_at", "2026-06-06 06:28:18.114286"]]
  ↳ (eval):1:in `block (2 levels) in run_file'
  [1m[36mStatType Load (0.0ms)[0m  [1m[34mSELECT "stat_types".* FROM "stat_types" WHERE "stat_types"."category" = $1 AND "stat_types"."name" = $2 LIMIT $3[0m  [["category", "pitching"], ["name", "obp"], ["LIMIT", 1]]
  ↳ (eval):1:in `block (2 levels) in run_file'
  [1m[36mStatType Create (0.1ms)[0m  [1m[32mINSERT INTO "stat_types" ("name", "label", "category", "created_at", "updated_at") VALUES ($1, $2, $3, $4, $5) RETURNING "id"[0m  [["name", "obp"], ["label", "OBP"], ["category", "pitching"], ["created_at", "2026-06-06 06:28:18.114817"], ["updated_at", "2026-06-06 06:28:18.114817"]]
  ↳ (eval):1:in `block (2 levels) in run_file'
  [1m[36mStatType Load (0.1ms)[0m  [1m[34mSELECT "stat_types".* FROM "stat_types" WHERE "stat_types"."category" = $1 AND "stat_types"."name" = $2 LIMIT $3[0m  [["category", "pitching"], ["name", "SLG"], ["LIMIT", 1]]
  ↳ (eval):1:in `block (2 levels) in run_file'
  [1m[36mStatType Create (0.2ms)[0m  [1m[32mINSERT INTO "stat_types" ("name", "label", "category", "created_at", "updated_at") VALUES ($1, $2, $3, $4, $5) RETURNING "id"[0m  [["name", "SLG"], ["label", "SLG"], ["category", "pitching"], ["created_at", "2026-06-06 06:28:18.115412"], ["updated_at", "2026-06-06 06:28:18.115412"]]
  ↳ (eval):1:in `block (2 levels) in run_file'
  [1m[36mStatType Load (0.1ms)[0m  [1m[34mSELECT "stat_types".* FROM "stat_types" WHERE "stat_types"."category" = $1 AND "stat_types"."name" = $2 LIMIT $3[0m  [["category", "pitching"], ["name", "slg"], ["LIMIT", 1]]
  ↳ (eval):1:in `block (2 levels) in run_file'
  [1m[36mStatType Create (0.1ms)[0m  [1m[32mINSERT INTO "stat_types" ("name", "label", "category", "created_at", "updated_at") VALUES ($1, $2, $3, $4, $5) RETURNING "id"[0m  [["name", "slg"], ["label", "SLG"], ["category", "pitching"], ["created_at", "2026-06-06 06:28:18.116098"], ["updated_at", "2026-06-06 06:28:18.116098"]]
  ↳ (eval):1:in `block (2 levels) in run_file'
  [1m[36mStatType Load (0.1ms)[0m  [1m[34mSELECT "stat_types".* FROM "stat_types" WHERE "stat_types"."category" = $1 AND "stat_types"."name" = $2 LIMIT $3[0m  [["category", "pitching"], ["name", "ERA"], ["LIMIT", 1]]
  ↳ (eval):1:in `block (2 levels) in run_file'
  [1m[36mStatType Create (0.1ms)[0m  [1m[32mINSERT INTO "stat_types" ("name", "label", "category", "created_at", "updated_at") VALUES ($1, $2, $3, $4, $5) RETURNING "id"[0m  [["name", "ERA"], ["label", "ERA"], ["category", "pitching"], ["created_at", "2026-06-06 06:28:18.116628"], ["updated_at", "2026-06-06 06:28:18.116628"]]
  ↳ (eval):1:in `block (2 levels) in run_file'
  [1m[36mStatType Load (0.0ms)[0m  [1m[34mSELECT "stat_types".* FROM "stat_types" WHERE "stat_types"."category" = $1 AND "stat_types"."name" = $2 LIMIT $3[0m  [["category", "pitching"], ["name", "wOBA"], ["LIMIT", 1]]
  ↳ (eval):1:in `block (2 levels) in run_file'
  [1m[36mStatType Create (0.1ms)[0m  [1m[32mINSERT INTO "stat_types" ("name", "label", "category", "created_at", "updated_at") VALUES ($1, $2, $3, $4, $5) RETURNING "id"[0m  [["name", "wOBA"], ["label", "wOBA"], ["category", "pitching"], ["created_at", "2026-06-06 06:28:18.117175"], ["updated_at", "2026-06-06 06:28:18.117175"]]
  ↳ (eval):1:in `block (2 levels) in run_file'
  [1m[36mStatType Load (0.0ms)[0m  [1m[34mSELECT "stat_types".* FROM "stat_types" WHERE "stat_types"."category" = $1 AND "stat_types"."name" = $2 LIMIT $3[0m  [["category", "pitching"], ["name", "G"], ["LIMIT", 1]]
  ↳ (eval):1:in `block (2 levels) in run_file'
  [1m[36mStatType Create (0.1ms)[0m  [1m[32mINSERT INTO "stat_types" ("name", "label", "category", "created_at", "updated_at") VALUES ($1, $2, $3, $4, $5) RETURNING "id"[0m  [["name", "G"], ["label", "G"], ["category", "pitching"], ["created_at", "2026-06-06 06:28:18.117778"], ["updated_at", "2026-06-06 06:28:18.117778"]]
  ↳ (eval):1:in `block (2 levels) in run_file'
  [1m[36mStatType Load (0.0ms)[0m  [1m[34mSELECT "stat_types".* FROM "stat_types" WHERE "stat_types"."category" = $1 AND "stat_types"."name" = $2 LIMIT $3[0m  [["category", "pitching"], ["name", "GS"], ["LIMIT", 1]]
  ↳ (eval):1:in `block (2 levels) in run_file'
  [1m[36mStatType Create (0.1ms)[0m  [1m[32mINSERT INTO "stat_types" ("name", "label", "category", "created_at", "updated_at") VALUES ($1, $2, $3, $4, $5) RETURNING "id"[0m  [["name", "GS"], ["label", "GS"], ["category", "pitching"], ["created_at", "2026-06-06 06:28:18.118371"], ["updated_at", "2026-06-06 06:28:18.118371"]]
  ↳ (eval):1:in `block (2 levels) in run_file'
  [1m[36mStatType Load (0.0ms)[0m  [1m[34mSELECT "stat_types".* FROM "stat_types" WHERE "stat_types"."category" = $1 AND "stat_types"."name" = $2 LIMIT $3[0m  [["category", "pitching"], ["name", "CG"], ["LIMIT", 1]]
  ↳ (eval):1:in `block (2 levels) in run_file'
  [1m[36mStatType Create (0.1ms)[0m  [1m[32mINSERT INTO "stat_types" ("name", "label", "category", "created_at", "updated_at") VALUES ($1, $2, $3, $4, $5) RETURNING "id"[0m  [["name", "CG"], ["label", "CG"], ["category", "pitching"], ["created_at", "2026-06-06 06:28:18.118867"], ["updated_at", "2026-06-06 06:28:18.118867"]]
  ↳ (eval):1:in `block (2 levels) in run_file'
  [1m[36mStatType Load (0.0ms)[0m  [1m[34mSELECT "stat_types".* FROM "stat_types" WHERE "stat_types"."category" = $1 AND "stat_types"."name" = $2 LIMIT $3[0m  [["category", "pitching"], ["name", "ShO"], ["LIMIT", 1]]
  ↳ (eval):1:in `block (2 levels) in run_file'
  [1m[36mStatType Create (0.1ms)[0m  [1m[32mINSERT INTO "stat_types" ("name", "label", "category", "created_at", "updated_at") VALUES ($1, $2, $3, $4, $5) RETURNING "id"[0m  [["name", "ShO"], ["label", "SHO"], ["category", "pitching"], ["created_at", "2026-06-06 06:28:18.119349"], ["updated_at", "2026-06-06 06:28:18.119349"]]
  ↳ (eval):1:in `block (2 levels) in run_file'
  [1m[36mStatType Load (0.0ms)[0m  [1m[34mSELECT "stat_types".* FROM "stat_types" WHERE "stat_types"."category" = $1 AND "stat_types"."name" = $2 LIMIT $3[0m  [["category", "pitching"], ["name", "qualityStarts"], ["LIMIT", 1]]
  ↳ (eval):1:in `block (2 levels) in run_file'
  [1m[36mStatType Create (0.1ms)[0m  [1m[32mINSERT INTO "stat_types" ("name", "label", "category", "created_at", "updated_at") VALUES ($1, $2, $3, $4, $5) RETURNING "id"[0m  [["name", "qualityStarts"], ["label", "QS"], ["category", "pitching"], ["created_at", "2026-06-06 06:28:18.119843"], ["updated_at", "2026-06-06 06:28:18.119843"]]
  ↳ (eval):1:in `block (2 levels) in run_file'
  [1m[36mStatType Load (0.0ms)[0m  [1m[34mSELECT "stat_types".* FROM "stat_types" WHERE "stat_types"."category" = $1 AND "stat_types"."name" = $2 LIMIT $3[0m  [["category", "pitching"], ["name", "WP"], ["LIMIT", 1]]
  ↳ (eval):1:in `block (2 levels) in run_file'
  [1m[36mStatType Create (0.1ms)[0m  [1m[32mINSERT INTO "stat_types" ("name", "label", "category", "created_at", "updated_at") VALUES ($1, $2, $3, $4, $5) RETURNING "id"[0m  [["name", "WP"], ["label", "WP"], ["category", "pitching"], ["created_at", "2026-06-06 06:28:18.120336"], ["updated_at", "2026-06-06 06:28:18.120336"]]
  ↳ (eval):1:in `block (2 levels) in run_file'
  [1m[36mStatType Load (0.0ms)[0m  [1m[34mSELECT "stat_types".* FROM "stat_types" WHERE "stat_types"."category" = $1 AND "stat_types"."name" = $2 LIMIT $3[0m  [["category", "pitching"], ["name", "BK"], ["LIMIT", 1]]
  ↳ (eval):1:in `block (2 levels) in run_file'
  [1m[36mStatType Create (0.1ms)[0m  [1m[32mINSERT INTO "stat_types" ("name", "label", "category", "created_at", "updated_at") VALUES ($1, $2, $3, $4, $5) RETURNING "id"[0m  [["name", "BK"], ["label", "BK"], ["category", "pitching"], ["created_at", "2026-06-06 06:28:18.120826"], ["updated_at", "2026-06-06 06:28:18.120826"]]
  ↳ (eval):1:in `block (2 levels) in run_file'
  [1m[36mStatType Load (0.1ms)[0m  [1m[34mSELECT "stat_types".* FROM "stat_types" WHERE "stat_types"."category" = $1 AND "stat_types"."name" = $2 LIMIT $3[0m  [["category", "pitching"], ["name", "RS/9"], ["LIMIT", 1]]
  ↳ (eval):1:in `block (2 levels) in run_file'
  [1m[36mStatType Create (0.1ms)[0m  [1m[32mINSERT INTO "stat_types" ("name", "label", "category", "created_at", "updated_at") VALUES ($1, $2, $3, $4, $5) RETURNING "id"[0m  [["name", "RS/9"], ["label", "RS/9"], ["category", "pitching"], ["created_at", "2026-06-06 06:28:18.121385"], ["updated_at", "2026-06-06 06:28:18.121385"]]
  ↳ (eval):1:in `block (2 levels) in run_file'
  [1m[36mStatType Load (0.0ms)[0m  [1m[34mSELECT "stat_types".* FROM "stat_types" WHERE "stat_types"."category" = $1 AND "stat_types"."name" = $2 LIMIT $3[0m  [["category", "pitching"], ["name", "H/9"], ["LIMIT", 1]]
  ↳ (eval):1:in `block (2 levels) in run_file'
  [1m[36mStatType Create (0.1ms)[0m  [1m[32mINSERT INTO "stat_types" ("name", "label", "category", "created_at", "updated_at") VALUES ($1, $2, $3, $4, $5) RETURNING "id"[0m  [["name", "H/9"], ["label", "H/9"], ["category", "pitching"], ["created_at", "2026-06-06 06:28:18.121918"], ["updated_at", "2026-06-06 06:28:18.121918"]]
  ↳ (eval):1:in `block (2 levels) in run_file'
  [1m[36mStatType Load (0.0ms)[0m  [1m[34mSELECT "stat_types".* FROM "stat_types" WHERE "stat_types"."category" = $1 AND "stat_types"."name" = $2 LIMIT $3[0m  [["category", "pitching"], ["name", "Swing%"], ["LIMIT", 1]]
  ↳ (eval):1:in `block (2 levels) in run_file'
  [1m[36mStatType Create (0.1ms)[0m  [1m[32mINSERT INTO "stat_types" ("name", "label", "category", "created_at", "updated_at") VALUES ($1, $2, $3, $4, $5) RETURNING "id"[0m  [["name", "Swing%"], ["label", "Swing%"], ["category", "pitching"], ["created_at", "2026-06-06 06:28:18.122488"], ["updated_at", "2026-06-06 06:28:18.122488"]]
  ↳ (eval):1:in `block (2 levels) in run_file'
  [1m[36mStatType Load (0.0ms)[0m  [1m[34mSELECT "stat_types".* FROM "stat_types" WHERE "stat_types"."category" = $1 AND "stat_types"."name" = $2 LIMIT $3[0m  [["category", "pitching"], ["name", "HLD"], ["LIMIT", 1]]
  ↳ (eval):1:in `block (2 levels) in run_file'
  [1m[36mStatType Create (0.1ms)[0m  [1m[32mINSERT INTO "stat_types" ("name", "label", "category", "created_at", "updated_at") VALUES ($1, $2, $3, $4, $5) RETURNING "id"[0m  [["name", "HLD"], ["label", "HLD"], ["category", "pitching"], ["created_at", "2026-06-06 06:28:18.123002"], ["updated_at", "2026-06-06 06:28:18.123002"]]
  ↳ (eval):1:in `block (2 levels) in run_file'
  [1m[36mStatType Load (0.1ms)[0m  [1m[34mSELECT "stat_types".* FROM "stat_types" WHERE "stat_types"."category" = $1 AND "stat_types"."name" = $2 LIMIT $3[0m  [["category", "pitching"], ["name", "BS"], ["LIMIT", 1]]
  ↳ (eval):1:in `block (2 levels) in run_file'
  [1m[36mStatType Create (0.1ms)[0m  [1m[32mINSERT INTO "stat_types" ("name", "label", "category", "created_at", "updated_at") VALUES ($1, $2, $3, $4, $5) RETURNING "id"[0m  [["name", "BS"], ["label", "BS"], ["category", "pitching"], ["created_at", "2026-06-06 06:28:18.123610"], ["updated_at", "2026-06-06 06:28:18.123610"]]
  ↳ (eval):1:in `block (2 levels) in run_file'
  [1m[36mStatType Load (0.0ms)[0m  [1m[34mSELECT "stat_types".* FROM "stat_types" WHERE "stat_types"."category" = $1 AND "stat_types"."name" = $2 LIMIT $3[0m  [["category", "pitching"], ["name", "ERA-"], ["LIMIT", 1]]
  ↳ (eval):1:in `block (2 levels) in run_file'
  [1m[36mStatType Create (0.1ms)[0m  [1m[32mINSERT INTO "stat_types" ("name", "label", "category", "created_at", "updated_at") VALUES ($1, $2, $3, $4, $5) RETURNING "id"[0m  [["name", "ERA-"], ["label", "ERA-"], ["category", "pitching"], ["created_at", "2026-06-06 06:28:18.124114"], ["updated_at", "2026-06-06 06:28:18.124114"]]
  ↳ (eval):1:in `block (2 levels) in run_file'
  [1m[36mStatType Load (0.0ms)[0m  [1m[34mSELECT "stat_types".* FROM "stat_types" WHERE "stat_types"."category" = $1 AND "stat_types"."name" = $2 LIMIT $3[0m  [["category", "pitching"], ["name", "FIP-"], ["LIMIT", 1]]
  ↳ (eval):1:in `block (2 levels) in run_file'
  [1m[36mStatType Create (0.1ms)[0m  [1m[32mINSERT INTO "stat_types" ("name", "label", "category", "created_at", "updated_at") VALUES ($1, $2, $3, $4, $5) RETURNING "id"[0m  [["name", "FIP-"], ["label", "FIP-"], ["category", "pitching"], ["created_at", "2026-06-06 06:28:18.124630"], ["updated_at", "2026-06-06 06:28:18.124630"]]
  ↳ (eval):1:in `block (2 levels) in run_file'
  [1m[36mStatType Load (0.0ms)[0m  [1m[34mSELECT "stat_types".* FROM "stat_types" WHERE "stat_types"."category" = $1 AND "stat_types"."name" = $2 LIMIT $3[0m  [["category", "pitching"], ["name", "PA"], ["LIMIT", 1]]
  ↳ (eval):1:in `block (2 levels) in run_file'
  [1m[36mStatType Create (0.1ms)[0m  [1m[32mINSERT INTO "stat_types" ("name", "label", "category", "created_at", "updated_at") VALUES ($1, $2, $3, $4, $5) RETURNING "id"[0m  [["name", "PA"], ["label", "PA"], ["category", "pitching"], ["created_at", "2026-06-06 06:28:18.125150"], ["updated_at", "2026-06-06 06:28:18.125150"]]
  ↳ (eval):1:in `block (2 levels) in run_file'
  [1m[36mStatType Load (0.0ms)[0m  [1m[34mSELECT "stat_types".* FROM "stat_types" WHERE "stat_types"."category" = $1 AND "stat_types"."name" = $2 LIMIT $3[0m  [["category", "pitching"], ["name", "AB"], ["LIMIT", 1]]
  ↳ (eval):1:in `block (2 levels) in run_file'
  [1m[36mStatType Create (0.1ms)[0m  [1m[32mINSERT INTO "stat_types" ("name", "label", "category", "created_at", "updated_at") VALUES ($1, $2, $3, $4, $5) RETURNING "id"[0m  [["name", "AB"], ["label", "AB"], ["category", "pitching"], ["created_at", "2026-06-06 06:28:18.125649"], ["updated_at", "2026-06-06 06:28:18.125649"]]
  ↳ (eval):1:in `block (2 levels) in run_file'
  [1m[36mStatType Load (0.0ms)[0m  [1m[34mSELECT "stat_types".* FROM "stat_types" WHERE "stat_types"."category" = $1 AND "stat_types"."name" = $2 LIMIT $3[0m  [["category", "pitching"], ["name", "BA"], ["LIMIT", 1]]
  ↳ (eval):1:in `block (2 levels) in run_file'
  [1m[36mStatType Create (0.1ms)[0m  [1m[32mINSERT INTO "stat_types" ("name", "label", "category", "created_at", "updated_at") VALUES ($1, $2, $3, $4, $5) RETURNING "id"[0m  [["name", "BA"], ["label", "BA"], ["category", "pitching"], ["created_at", "2026-06-06 06:28:18.126169"], ["updated_at", "2026-06-06 06:28:18.126169"]]
  ↳ (eval):1:in `block (2 levels) in run_file'
  [1m[36mStatType Load (0.0ms)[0m  [1m[34mSELECT "stat_types".* FROM "stat_types" WHERE "stat_types"."category" = $1 AND "stat_types"."name" = $2 LIMIT $3[0m  [["category", "pitching"], ["name", "OPS"], ["LIMIT", 1]]
  ↳ (eval):1:in `block (2 levels) in run_file'
  [1m[36mStatType Create (0.1ms)[0m  [1m[32mINSERT INTO "stat_types" ("name", "label", "category", "created_at", "updated_at") VALUES ($1, $2, $3, $4, $5) RETURNING "id"[0m  [["name", "OPS"], ["label", "OPS"], ["category", "pitching"], ["created_at", "2026-06-06 06:28:18.126675"], ["updated_at", "2026-06-06 06:28:18.126675"]]
  ↳ (eval):1:in `block (2 levels) in run_file'
  [1m[36mStatType Load (0.0ms)[0m  [1m[34mSELECT "stat_types".* FROM "stat_types" WHERE "stat_types"."category" = $1 AND "stat_types"."name" = $2 LIMIT $3[0m  [["category", "pitching"], ["name", "ops"], ["LIMIT", 1]]
  ↳ (eval):1:in `block (2 levels) in run_file'
  [1m[36mStatType Create (0.1ms)[0m  [1m[32mINSERT INTO "stat_types" ("name", "label", "category", "created_at", "updated_at") VALUES ($1, $2, $3, $4, $5) RETURNING "id"[0m  [["name", "ops"], ["label", "OPS"], ["category", "pitching"], ["created_at", "2026-06-06 06:28:18.127196"], ["updated_at", "2026-06-06 06:28:18.127196"]]
  ↳ (eval):1:in `block (2 levels) in run_file'
  [1m[36mStatType Load (0.0ms)[0m  [1m[34mSELECT "stat_types".* FROM "stat_types" WHERE "stat_types"."category" = $1 AND "stat_types"."name" = $2 LIMIT $3[0m  [["category", "pitching"], ["name", "TB"], ["LIMIT", 1]]
  ↳ (eval):1:in `block (2 levels) in run_file'
  [1m[36mStatType Create (0.1ms)[0m  [1m[32mINSERT INTO "stat_types" ("name", "label", "category", "created_at", "updated_at") VALUES ($1, $2, $3, $4, $5) RETURNING "id"[0m  [["name", "TB"], ["label", "TB"], ["category", "pitching"], ["created_at", "2026-06-06 06:28:18.127702"], ["updated_at", "2026-06-06 06:28:18.127702"]]
  ↳ (eval):1:in `block (2 levels) in run_file'
  [1m[36mStatType Load (0.0ms)[0m  [1m[34mSELECT "stat_types".* FROM "stat_types" WHERE "stat_types"."category" = $1 AND "stat_types"."name" = $2 LIMIT $3[0m  [["category", "pitching"], ["name", "GDP"], ["LIMIT", 1]]
  ↳ (eval):1:in `block (2 levels) in run_file'
  [1m[36mStatType Create (0.2ms)[0m  [1m[32mINSERT INTO "stat_types" ("name", "label", "category", "created_at", "updated_at") VALUES ($1, $2, $3, $4, $5) RETURNING "id"[0m  [["name", "GDP"], ["label", "GDP"], ["category", "pitching"], ["created_at", "2026-06-06 06:28:18.128187"], ["updated_at", "2026-06-06 06:28:18.128187"]]
  ↳ (eval):1:in `block (2 levels) in run_file'
  [1m[36mStatType Load (0.1ms)[0m  [1m[34mSELECT "stat_types".* FROM "stat_types" WHERE "stat_types"."category" = $1 AND "stat_types"."name" = $2 LIMIT $3[0m  [["category", "pitching"], ["name", "hitBatsmen"], ["LIMIT", 1]]
  ↳ (eval):1:in `block (2 levels) in run_file'
  [1m[36mStatType Create (0.1ms)[0m  [1m[32mINSERT INTO "stat_types" ("name", "label", "category", "created_at", "updated_at") VALUES ($1, $2, $3, $4, $5) RETURNING "id"[0m  [["name", "hitBatsmen"], ["label", "HBP"], ["category", "pitching"], ["created_at", "2026-06-06 06:28:18.129316"], ["updated_at", "2026-06-06 06:28:18.129316"]]
  ↳ (eval):1:in `block (2 levels) in run_file'
  [1m[36mStatType Load (0.1ms)[0m  [1m[34mSELECT "stat_types".* FROM "stat_types" WHERE "stat_types"."category" = $1 AND "stat_types"."name" = $2 LIMIT $3[0m  [["category", "pitching"], ["name", "SH"], ["LIMIT", 1]]
  ↳ (eval):1:in `block (2 levels) in run_file'
  [1m[36mStatType Create (0.1ms)[0m  [1m[32mINSERT INTO "stat_types" ("name", "label", "category", "created_at", "updated_at") VALUES ($1, $2, $3, $4, $5) RETURNING "id"[0m  [["name", "SH"], ["label", "SH"], ["category", "pitching"], ["created_at", "2026-06-06 06:28:18.129880"], ["updated_at", "2026-06-06 06:28:18.129880"]]
  ↳ (eval):1:in `block (2 levels) in run_file'
  [1m[36mStatType Load (0.0ms)[0m  [1m[34mSELECT "stat_types".* FROM "stat_types" WHERE "stat_types"."category" = $1 AND "stat_types"."name" = $2 LIMIT $3[0m  [["category", "pitching"], ["name", "SF"], ["LIMIT", 1]]
  ↳ (eval):1:in `block (2 levels) in run_file'
  [1m[36mStatType Create (0.1ms)[0m  [1m[32mINSERT INTO "stat_types" ("name", "label", "category", "created_at", "updated_at") VALUES ($1, $2, $3, $4, $5) RETURNING "id"[0m  [["name", "SF"], ["label", "SF"], ["category", "pitching"], ["created_at", "2026-06-06 06:28:18.130559"], ["updated_at", "2026-06-06 06:28:18.130559"]]
  ↳ (eval):1:in `block (2 levels) in run_file'
  [1m[36mStatType Load (0.0ms)[0m  [1m[34mSELECT "stat_types".* FROM "stat_types" WHERE "stat_types"."category" = $1 AND "stat_types"."name" = $2 LIMIT $3[0m  [["category", "pitching"], ["name", "intentionalWalks"], ["LIMIT", 1]]
  ↳ (eval):1:in `block (2 levels) in run_file'
  [1m[36mStatType Create (0.1ms)[0m  [1m[32mINSERT INTO "stat_types" ("name", "label", "category", "created_at", "updated_at") VALUES ($1, $2, $3, $4, $5) RETURNING "id"[0m  [["name", "intentionalWalks"], ["label", "IBB"], ["category", "pitching"], ["created_at", "2026-06-06 06:28:18.131038"], ["updated_at", "2026-06-06 06:28:18.131038"]]
  ↳ (eval):1:in `block (2 levels) in run_file'
  [1m[36mStatType Load (0.1ms)[0m  [1m[34mSELECT "stat_types".* FROM "stat_types" WHERE "stat_types"."category" = $1 AND "stat_types"."name" = $2 LIMIT $3[0m  [["category", "pitching"], ["name", "ROE"], ["LIMIT", 1]]
  ↳ (eval):1:in `block (2 levels) in run_file'
  [1m[36mStatType Create (0.1ms)[0m  [1m[32mINSERT INTO "stat_types" ("name", "label", "category", "created_at", "updated_at") VALUES ($1, $2, $3, $4, $5) RETURNING "id"[0m  [["name", "ROE"], ["label", "ROE"], ["category", "pitching"], ["created_at", "2026-06-06 06:28:18.131587"], ["updated_at", "2026-06-06 06:28:18.131587"]]
  ↳ (eval):1:in `block (2 levels) in run_file'
  [1m[36mStatType Load (0.0ms)[0m  [1m[34mSELECT "stat_types".* FROM "stat_types" WHERE "stat_types"."category" = $1 AND "stat_types"."name" = $2 LIMIT $3[0m  [["category", "pitching"], ["name", "BAbip"], ["LIMIT", 1]]
  ↳ (eval):1:in `block (2 levels) in run_file'
  [1m[36mStatType Create (0.1ms)[0m  [1m[32mINSERT INTO "stat_types" ("name", "label", "category", "created_at", "updated_at") VALUES ($1, $2, $3, $4, $5) RETURNING "id"[0m  [["name", "BAbip"], ["label", "BAbip"], ["category", "pitching"], ["created_at", "2026-06-06 06:28:18.132351"], ["updated_at", "2026-06-06 06:28:18.132351"]]
  ↳ (eval):1:in `block (2 levels) in run_file'
  [1m[36mStatType Load (0.0ms)[0m  [1m[34mSELECT "stat_types".* FROM "stat_types" WHERE "stat_types"."category" = $1 AND "stat_types"."name" = $2 LIMIT $3[0m  [["category", "pitching"], ["name", "babip"], ["LIMIT", 1]]
  ↳ (eval):1:in `block (2 levels) in run_file'
  [1m[36mStatType Create (0.1ms)[0m  [1m[32mINSERT INTO "stat_types" ("name", "label", "category", "created_at", "updated_at") VALUES ($1, $2, $3, $4, $5) RETURNING "id"[0m  [["name", "babip"], ["label", "BABIP"], ["category", "pitching"], ["created_at", "2026-06-06 06:28:18.132835"], ["updated_at", "2026-06-06 06:28:18.132835"]]
  ↳ (eval):1:in `block (2 levels) in run_file'
  [1m[36mStatType Load (0.0ms)[0m  [1m[34mSELECT "stat_types".* FROM "stat_types" WHERE "stat_types"."category" = $1 AND "stat_types"."name" = $2 LIMIT $3[0m  [["category", "pitching"], ["name", "tOPS+"], ["LIMIT", 1]]
  ↳ (eval):1:in `block (2 levels) in run_file'
  [1m[36mStatType Create (0.1ms)[0m  [1m[32mINSERT INTO "stat_types" ("name", "label", "category", "created_at", "updated_at") VALUES ($1, $2, $3, $4, $5) RETURNING "id"[0m  [["name", "tOPS+"], ["label", "tOPS+"], ["category", "pitching"], ["created_at", "2026-06-06 06:28:18.133398"], ["updated_at", "2026-06-06 06:28:18.133398"]]
  ↳ (eval):1:in `block (2 levels) in run_file'
  [1m[36mStatType Load (0.0ms)[0m  [1m[34mSELECT "stat_types".* FROM "stat_types" WHERE "stat_types"."category" = $1 AND "stat_types"."name" = $2 LIMIT $3[0m  [["category", "pitching"], ["name", "sOPS+"], ["LIMIT", 1]]
  ↳ (eval):1:in `block (2 levels) in run_file'
  [1m[36mStatType Create (0.1ms)[0m  [1m[32mINSERT INTO "stat_types" ("name", "label", "category", "created_at", "updated_at") VALUES ($1, $2, $3, $4, $5) RETURNING "id"[0m  [["name", "sOPS+"], ["label", "sOPS+"], ["category", "pitching"], ["created_at", "2026-06-06 06:28:18.133874"], ["updated_at", "2026-06-06 06:28:18.133874"]]
  ↳ (eval):1:in `block (2 levels) in run_file'
  [1m[36mStatType Load (0.0ms)[0m  [1m[34mSELECT "stat_types".* FROM "stat_types" WHERE "stat_types"."category" = $1 AND "stat_types"."name" = $2 LIMIT $3[0m  [["category", "pitching"], ["name", "groundOuts"], ["LIMIT", 1]]
  ↳ (eval):1:in `block (2 levels) in run_file'
  [1m[36mStatType Create (0.1ms)[0m  [1m[32mINSERT INTO "stat_types" ("name", "label", "category", "created_at", "updated_at") VALUES ($1, $2, $3, $4, $5) RETURNING "id"[0m  [["name", "groundOuts"], ["label", "GO"], ["category", "pitching"], ["created_at", "2026-06-06 06:28:18.134350"], ["updated_at", "2026-06-06 06:28:18.134350"]]
  ↳ (eval):1:in `block (2 levels) in run_file'
  [1m[36mStatType Load (0.0ms)[0m  [1m[34mSELECT "stat_types".* FROM "stat_types" WHERE "stat_types"."category" = $1 AND "stat_types"."name" = $2 LIMIT $3[0m  [["category", "pitching"], ["name", "airOuts"], ["LIMIT", 1]]
  ↳ (eval):1:in `block (2 levels) in run_file'
  [1m[36mStatType Create (0.1ms)[0m  [1m[32mINSERT INTO "stat_types" ("name", "label", "category", "created_at", "updated_at") VALUES ($1, $2, $3, $4, $5) RETURNING "id"[0m  [["name", "airOuts"], ["label", "AO"], ["category", "pitching"], ["created_at", "2026-06-06 06:28:18.134904"], ["updated_at", "2026-06-06 06:28:18.134904"]]
  ↳ (eval):1:in `block (2 levels) in run_file'
  [1m[36mStatType Load (0.0ms)[0m  [1m[34mSELECT "stat_types".* FROM "stat_types" WHERE "stat_types"."category" = $1 AND "stat_types"."name" = $2 LIMIT $3[0m  [["category", "pitching"], ["name", "groundIntoTriplePlay"], ["LIMIT", 1]]
  ↳ (eval):1:in `block (2 levels) in run_file'
  [1m[36mStatType Create (0.1ms)[0m  [1m[32mINSERT INTO "stat_types" ("name", "label", "category", "created_at", "updated_at") VALUES ($1, $2, $3, $4, $5) RETURNING "id"[0m  [["name", "groundIntoTriplePlay"], ["label", "GITP"], ["category", "pitching"], ["created_at", "2026-06-06 06:28:18.135389"], ["updated_at", "2026-06-06 06:28:18.135389"]]
  ↳ (eval):1:in `block (2 levels) in run_file'
  [1m[36mStatType Load (0.0ms)[0m  [1m[34mSELECT "stat_types".* FROM "stat_types" WHERE "stat_types"."category" = $1 AND "stat_types"."name" = $2 LIMIT $3[0m  [["category", "pitching"], ["name", "numberOfPitches"], ["LIMIT", 1]]
  ↳ (eval):1:in `block (2 levels) in run_file'
  [1m[36mStatType Create (0.1ms)[0m  [1m[32mINSERT INTO "stat_types" ("name", "label", "category", "created_at", "updated_at") VALUES ($1, $2, $3, $4, $5) RETURNING "id"[0m  [["name", "numberOfPitches"], ["label", "P"], ["category", "pitching"], ["created_at", "2026-06-06 06:28:18.135972"], ["updated_at", "2026-06-06 06:28:18.135972"]]
  ↳ (eval):1:in `block (2 levels) in run_file'
  [1m[36mStatType Load (0.1ms)[0m  [1m[34mSELECT "stat_types".* FROM "stat_types" WHERE "stat_types"."category" = $1 AND "stat_types"."name" = $2 LIMIT $3[0m  [["category", "pitching"], ["name", "gamesPlayed"], ["LIMIT", 1]]
  ↳ (eval):1:in `block (2 levels) in run_file'
  [1m[36mStatType Create (0.1ms)[0m  [1m[32mINSERT INTO "stat_types" ("name", "label", "category", "created_at", "updated_at") VALUES ($1, $2, $3, $4, $5) RETURNING "id"[0m  [["name", "gamesPlayed"], ["label", "GP"], ["category", "pitching"], ["created_at", "2026-06-06 06:28:18.136495"], ["updated_at", "2026-06-06 06:28:18.136495"]]
  ↳ (eval):1:in `block (2 levels) in run_file'
  [1m[36mStatType Load (0.0ms)[0m  [1m[34mSELECT "stat_types".* FROM "stat_types" WHERE "stat_types"."category" = $1 AND "stat_types"."name" = $2 LIMIT $3[0m  [["category", "pitching"], ["name", "doubles"], ["LIMIT", 1]]
  ↳ (eval):1:in `block (2 levels) in run_file'
  [1m[36mStatType Create (0.1ms)[0m  [1m[32mINSERT INTO "stat_types" ("name", "label", "category", "created_at", "updated_at") VALUES ($1, $2, $3, $4, $5) RETURNING "id"[0m  [["name", "doubles"], ["label", "2B"], ["category", "pitching"], ["created_at", "2026-06-06 06:28:18.136984"], ["updated_at", "2026-06-06 06:28:18.136984"]]
  ↳ (eval):1:in `block (2 levels) in run_file'
  [1m[36mStatType Load (0.0ms)[0m  [1m[34mSELECT "stat_types".* FROM "stat_types" WHERE "stat_types"."category" = $1 AND "stat_types"."name" = $2 LIMIT $3[0m  [["category", "pitching"], ["name", "triples"], ["LIMIT", 1]]
  ↳ (eval):1:in `block (2 levels) in run_file'
  [1m[36mStatType Create (0.1ms)[0m  [1m[32mINSERT INTO "stat_types" ("name", "label", "category", "created_at", "updated_at") VALUES ($1, $2, $3, $4, $5) RETURNING "id"[0m  [["name", "triples"], ["label", "3B"], ["category", "pitching"], ["created_at", "2026-06-06 06:28:18.137497"], ["updated_at", "2026-06-06 06:28:18.137497"]]
  ↳ (eval):1:in `block (2 levels) in run_file'
  [1m[36mStatType Load (0.1ms)[0m  [1m[34mSELECT "stat_types".* FROM "stat_types" WHERE "stat_types"."category" = $1 AND "stat_types"."name" = $2 LIMIT $3[0m  [["category", "pitching"], ["name", "catchersInterference"], ["LIMIT", 1]]
  ↳ (eval):1:in `block (2 levels) in run_file'
  [1m[36mStatType Create (0.1ms)[0m  [1m[32mINSERT INTO "stat_types" ("name", "label", "category", "created_at", "updated_at") VALUES ($1, $2, $3, $4, $5) RETURNING "id"[0m  [["name", "catchersInterference"], ["label", "CI"], ["category", "pitching"], ["created_at", "2026-06-06 06:28:18.137993"], ["updated_at", "2026-06-06 06:28:18.137993"]]
  ↳ (eval):1:in `block (2 levels) in run_file'
  [1m[36mStatType Load (0.1ms)[0m  [1m[34mSELECT "stat_types".* FROM "stat_types" WHERE "stat_types"."category" = $1 AND "stat_types"."name" = $2 LIMIT $3[0m  [["category", "pitching"], ["name", "strikeOuts"], ["LIMIT", 1]]
  ↳ (eval):1:in `block (2 levels) in run_file'
  [1m[36mStatType Create (0.1ms)[0m  [1m[32mINSERT INTO "stat_types" ("name", "label", "category", "created_at", "updated_at") VALUES ($1, $2, $3, $4, $5) RETURNING "id"[0m  [["name", "strikeOuts"], ["label", "SO"], ["category", "pitching"], ["created_at", "2026-06-06 06:28:18.138505"], ["updated_at", "2026-06-06 06:28:18.138505"]]
  ↳ (eval):1:in `block (2 levels) in run_file'
  [1m[36mStatType Load (0.0ms)[0m  [1m[34mSELECT "stat_types".* FROM "stat_types" WHERE "stat_types"."category" = $1 AND "stat_types"."name" = $2 LIMIT $3[0m  [["category", "pitching"], ["name", "hitByPitch"], ["LIMIT", 1]]
  ↳ (eval):1:in `block (2 levels) in run_file'
  [1m[36mStatType Create (0.1ms)[0m  [1m[32mINSERT INTO "stat_types" ("name", "label", "category", "created_at", "updated_at") VALUES ($1, $2, $3, $4, $5) RETURNING "id"[0m  [["name", "hitByPitch"], ["label", "HBP"], ["category", "pitching"], ["created_at", "2026-06-06 06:28:18.138978"], ["updated_at", "2026-06-06 06:28:18.138978"]]
  ↳ (eval):1:in `block (2 levels) in run_file'
  [1m[36mStatType Load (0.1ms)[0m  [1m[34mSELECT "stat_types".* FROM "stat_types" WHERE "stat_types"."category" = $1 AND "stat_types"."name" = $2 LIMIT $3[0m  [["category", "pitching"], ["name", "avg"], ["LIMIT", 1]]
  ↳ (eval):1:in `block (2 levels) in run_file'
  [1m[36mStatType Create (0.1ms)[0m  [1m[32mINSERT INTO "stat_types" ("name", "label", "category", "created_at", "updated_at") VALUES ($1, $2, $3, $4, $5) RETURNING "id"[0m  [["name", "avg"], ["label", "AVG"], ["category", "pitching"], ["created_at", "2026-06-06 06:28:18.139573"], ["updated_at", "2026-06-06 06:28:18.139573"]]
  ↳ (eval):1:in `block (2 levels) in run_file'
  [1m[36mStatType Load (0.0ms)[0m  [1m[34mSELECT "stat_types".* FROM "stat_types" WHERE "stat_types"."category" = $1 AND "stat_types"."name" = $2 LIMIT $3[0m  [["category", "pitching"], ["name", "atBats"], ["LIMIT", 1]]
  ↳ (eval):1:in `block (2 levels) in run_file'
  [1m[36mStatType Create (0.1ms)[0m  [1m[32mINSERT INTO "stat_types" ("name", "label", "category", "created_at", "updated_at") VALUES ($1, $2, $3, $4, $5) RETURNING "id"[0m  [["name", "atBats"], ["label", "AB"], ["category", "pitching"], ["created_at", "2026-06-06 06:28:18.140127"], ["updated_at", "2026-06-06 06:28:18.140127"]]
  ↳ (eval):1:in `block (2 levels) in run_file'
  [1m[36mStatType Load (0.0ms)[0m  [1m[34mSELECT "stat_types".* FROM "stat_types" WHERE "stat_types"."category" = $1 AND "stat_types"."name" = $2 LIMIT $3[0m  [["category", "pitching"], ["name", "groundIntoDoublePlay"], ["LIMIT", 1]]
  ↳ (eval):1:in `block (2 levels) in run_file'
  [1m[36mStatType Create (0.1ms)[0m  [1m[32mINSERT INTO "stat_types" ("name", "label", "category", "created_at", "updated_at") VALUES ($1, $2, $3, $4, $5) RETURNING "id"[0m  [["name", "groundIntoDoublePlay"], ["label", "GDP"], ["category", "pitching"], ["created_at", "2026-06-06 06:28:18.140618"], ["updated_at", "2026-06-06 06:28:18.140618"]]
  ↳ (eval):1:in `block (2 levels) in run_file'
  [1m[36mStatType Load (0.1ms)[0m  [1m[34mSELECT "stat_types".* FROM "stat_types" WHERE "stat_types"."category" = $1 AND "stat_types"."name" = $2 LIMIT $3[0m  [["category", "pitching"], ["name", "inningsPitched"], ["LIMIT", 1]]
  ↳ (eval):1:in `block (2 levels) in run_file'
  [1m[36mStatType Create (0.1ms)[0m  [1m[32mINSERT INTO "stat_types" ("name", "label", "category", "created_at", "updated_at") VALUES ($1, $2, $3, $4, $5) RETURNING "id"[0m  [["name", "inningsPitched"], ["label", "IP"], ["category", "pitching"], ["created_at", "2026-06-06 06:28:18.141095"], ["updated_at", "2026-06-06 06:28:18.141095"]]
  ↳ (eval):1:in `block (2 levels) in run_file'
  [1m[36mStatType Load (0.0ms)[0m  [1m[34mSELECT "stat_types".* FROM "stat_types" WHERE "stat_types"."category" = $1 AND "stat_types"."name" = $2 LIMIT $3[0m  [["category", "pitching"], ["name", "outsPitched"], ["LIMIT", 1]]
  ↳ (eval):1:in `block (2 levels) in run_file'
  [1m[36mStatType Create (0.1ms)[0m  [1m[32mINSERT INTO "stat_types" ("name", "label", "category", "created_at", "updated_at") VALUES ($1, $2, $3, $4, $5) RETURNING "id"[0m  [["name", "outsPitched"], ["label", "OUTS"], ["category", "pitching"], ["created_at", "2026-06-06 06:28:18.141549"], ["updated_at", "2026-06-06 06:28:18.141549"]]
  ↳ (eval):1:in `block (2 levels) in run_file'
  [1m[36mStatType Load (0.0ms)[0m  [1m[34mSELECT "stat_types".* FROM "stat_types" WHERE "stat_types"."category" = $1 AND "stat_types"."name" = $2 LIMIT $3[0m  [["category", "pitching"], ["name", "whip"], ["LIMIT", 1]]
  ↳ (eval):1:in `block (2 levels) in run_file'
  [1m[36mStatType Create (0.1ms)[0m  [1m[32mINSERT INTO "stat_types" ("name", "label", "category", "created_at", "updated_at") VALUES ($1, $2, $3, $4, $5) RETURNING "id"[0m  [["name", "whip"], ["label", "WHIP"], ["category", "pitching"], ["created_at", "2026-06-06 06:28:18.142038"], ["updated_at", "2026-06-06 06:28:18.142038"]]
  ↳ (eval):1:in `block (2 levels) in run_file'
  [1m[36mStatType Load (0.0ms)[0m  [1m[34mSELECT "stat_types".* FROM "stat_types" WHERE "stat_types"."category" = $1 AND "stat_types"."name" = $2 LIMIT $3[0m  [["category", "pitching"], ["name", "battersFaced"], ["LIMIT", 1]]
  ↳ (eval):1:in `block (2 levels) in run_file'
  [1m[36mStatType Create (0.1ms)[0m  [1m[32mINSERT INTO "stat_types" ("name", "label", "category", "created_at", "updated_at") VALUES ($1, $2, $3, $4, $5) RETURNING "id"[0m  [["name", "battersFaced"], ["label", "BF"], ["category", "pitching"], ["created_at", "2026-06-06 06:28:18.142485"], ["updated_at", "2026-06-06 06:28:18.142485"]]
  ↳ (eval):1:in `block (2 levels) in run_file'
  [1m[36mStatType Load (0.0ms)[0m  [1m[34mSELECT "stat_types".* FROM "stat_types" WHERE "stat_types"."category" = $1 AND "stat_types"."name" = $2 LIMIT $3[0m  [["category", "pitching"], ["name", "outs"], ["LIMIT", 1]]
  ↳ (eval):1:in `block (2 levels) in run_file'
  [1m[36mStatType Create (0.1ms)[0m  [1m[32mINSERT INTO "stat_types" ("name", "label", "category", "created_at", "updated_at") VALUES ($1, $2, $3, $4, $5) RETURNING "id"[0m  [["name", "outs"], ["label", "OUTS"], ["category", "pitching"], ["created_at", "2026-06-06 06:28:18.142934"], ["updated_at", "2026-06-06 06:28:18.142934"]]
  ↳ (eval):1:in `block (2 levels) in run_file'
  [1m[36mStatType Load (0.0ms)[0m  [1m[34mSELECT "stat_types".* FROM "stat_types" WHERE "stat_types"."category" = $1 AND "stat_types"."name" = $2 LIMIT $3[0m  [["category", "pitching"], ["name", "gamesPitched"], ["LIMIT", 1]]
  ↳ (eval):1:in `block (2 levels) in run_file'
  [1m[36mStatType Create (0.1ms)[0m  [1m[32mINSERT INTO "stat_types" ("name", "label", "category", "created_at", "updated_at") VALUES ($1, $2, $3, $4, $5) RETURNING "id"[0m  [["name", "gamesPitched"], ["label", "GP"], ["category", "pitching"], ["created_at", "2026-06-06 06:28:18.143385"], ["updated_at", "2026-06-06 06:28:18.143385"]]
  ↳ (eval):1:in `block (2 levels) in run_file'
  [1m[36mStatType Load (0.0ms)[0m  [1m[34mSELECT "stat_types".* FROM "stat_types" WHERE "stat_types"."category" = $1 AND "stat_types"."name" = $2 LIMIT $3[0m  [["category", "pitching"], ["name", "balls"], ["LIMIT", 1]]
  ↳ (eval):1:in `block (2 levels) in run_file'
  [1m[36mStatType Create (0.1ms)[0m  [1m[32mINSERT INTO "stat_types" ("name", "label", "category", "created_at", "updated_at") VALUES ($1, $2, $3, $4, $5) RETURNING "id"[0m  [["name", "balls"], ["label", "B"], ["category", "pitching"], ["created_at", "2026-06-06 06:28:18.143907"], ["updated_at", "2026-06-06 06:28:18.143907"]]
  ↳ (eval):1:in `block (2 levels) in run_file'
  [1m[36mStatType Load (0.0ms)[0m  [1m[34mSELECT "stat_types".* FROM "stat_types" WHERE "stat_types"."category" = $1 AND "stat_types"."name" = $2 LIMIT $3[0m  [["category", "pitching"], ["name", "strikes"], ["LIMIT", 1]]
  ↳ (eval):1:in `block (2 levels) in run_file'
  [1m[36mStatType Create (0.1ms)[0m  [1m[32mINSERT INTO "stat_types" ("name", "label", "category", "created_at", "updated_at") VALUES ($1, $2, $3, $4, $5) RETURNING "id"[0m  [["name", "strikes"], ["label", "S"], ["category", "pitching"], ["created_at", "2026-06-06 06:28:18.144374"], ["updated_at", "2026-06-06 06:28:18.144374"]]
  ↳ (eval):1:in `block (2 levels) in run_file'
  [1m[36mStatType Load (0.0ms)[0m  [1m[34mSELECT "stat_types".* FROM "stat_types" WHERE "stat_types"."category" = $1 AND "stat_types"."name" = $2 LIMIT $3[0m  [["category", "pitching"], ["name", "strikePercentage"], ["LIMIT", 1]]
  ↳ (eval):1:in `block (2 levels) in run_file'
  [1m[36mStatType Create (0.1ms)[0m  [1m[32mINSERT INTO "stat_types" ("name", "label", "category", "created_at", "updated_at") VALUES ($1, $2, $3, $4, $5) RETURNING "id"[0m  [["name", "strikePercentage"], ["label", "S%"], ["category", "pitching"], ["created_at", "2026-06-06 06:28:18.144835"], ["updated_at", "2026-06-06 06:28:18.144835"]]
  ↳ (eval):1:in `block (2 levels) in run_file'
  [1m[36mStatType Load (0.0ms)[0m  [1m[34mSELECT "stat_types".* FROM "stat_types" WHERE "stat_types"."category" = $1 AND "stat_types"."name" = $2 LIMIT $3[0m  [["category", "pitching"], ["name", "balks"], ["LIMIT", 1]]
  ↳ (eval):1:in `block (2 levels) in run_file'
  [1m[36mStatType Create (0.1ms)[0m  [1m[32mINSERT INTO "stat_types" ("name", "label", "category", "created_at", "updated_at") VALUES ($1, $2, $3, $4, $5) RETURNING "id"[0m  [["name", "balks"], ["label", "BK"], ["category", "pitching"], ["created_at", "2026-06-06 06:28:18.145328"], ["updated_at", "2026-06-06 06:28:18.145328"]]
  ↳ (eval):1:in `block (2 levels) in run_file'
  [1m[36mStatType Load (0.1ms)[0m  [1m[34mSELECT "stat_types".* FROM "stat_types" WHERE "stat_types"."category" = $1 AND "stat_types"."name" = $2 LIMIT $3[0m  [["category", "pitching"], ["name", "wildPitches"], ["LIMIT", 1]]
  ↳ (eval):1:in `block (2 levels) in run_file'
  [1m[36mStatType Create (0.2ms)[0m  [1m[32mINSERT INTO "stat_types" ("name", "label", "category", "created_at", "updated_at") VALUES ($1, $2, $3, $4, $5) RETURNING "id"[0m  [["name", "wildPitches"], ["label", "WP"], ["category", "pitching"], ["created_at", "2026-06-06 06:28:18.145874"], ["updated_at", "2026-06-06 06:28:18.145874"]]
  ↳ (eval):1:in `block (2 levels) in run_file'
  [1m[36mStatType Load (0.0ms)[0m  [1m[34mSELECT "stat_types".* FROM "stat_types" WHERE "stat_types"."category" = $1 AND "stat_types"."name" = $2 LIMIT $3[0m  [["category", "pitching"], ["name", "totalBases"], ["LIMIT", 1]]
  ↳ (eval):1:in `block (2 levels) in run_file'
  [1m[36mStatType Create (0.1ms)[0m  [1m[32mINSERT INTO "stat_types" ("name", "label", "category", "created_at", "updated_at") VALUES ($1, $2, $3, $4, $5) RETURNING "id"[0m  [["name", "totalBases"], ["label", "TB"], ["category", "pitching"], ["created_at", "2026-06-06 06:28:18.146446"], ["updated_at", "2026-06-06 06:28:18.146446"]]
  ↳ (eval):1:in `block (2 levels) in run_file'
  [1m[36mStatType Load (0.1ms)[0m  [1m[34mSELECT "stat_types".* FROM "stat_types" WHERE "stat_types"."category" = $1 AND "stat_types"."name" = $2 LIMIT $3[0m  [["category", "pitching"], ["name", "groundOutsToAirouts"], ["LIMIT", 1]]
  ↳ (eval):1:in `block (2 levels) in run_file'
  [1m[36mStatType Create (0.1ms)[0m  [1m[32mINSERT INTO "stat_types" ("name", "label", "category", "created_at", "updated_at") VALUES ($1, $2, $3, $4, $5) RETURNING "id"[0m  [["name", "groundOutsToAirouts"], ["label", "GO/AO"], ["category", "pitching"], ["created_at", "2026-06-06 06:28:18.147023"], ["updated_at", "2026-06-06 06:28:18.147023"]]
  ↳ (eval):1:in `block (2 levels) in run_file'
  [1m[36mStatType Load (0.0ms)[0m  [1m[34mSELECT "stat_types".* FROM "stat_types" WHERE "stat_types"."category" = $1 AND "stat_types"."name" = $2 LIMIT $3[0m  [["category", "pitching"], ["name", "pitchesPerInning"], ["LIMIT", 1]]
  ↳ (eval):1:in `block (2 levels) in run_file'
  [1m[36mStatType Create (0.1ms)[0m  [1m[32mINSERT INTO "stat_types" ("name", "label", "category", "created_at", "updated_at") VALUES ($1, $2, $3, $4, $5) RETURNING "id"[0m  [["name", "pitchesPerInning"], ["label", "P/IN"], ["category", "pitching"], ["created_at", "2026-06-06 06:28:18.147489"], ["updated_at", "2026-06-06 06:28:18.147489"]]
  ↳ (eval):1:in `block (2 levels) in run_file'
  [1m[36mStatType Load (0.0ms)[0m  [1m[34mSELECT "stat_types".* FROM "stat_types" WHERE "stat_types"."category" = $1 AND "stat_types"."name" = $2 LIMIT $3[0m  [["category", "pitching"], ["name", "rbi"], ["LIMIT", 1]]
  ↳ (eval):1:in `block (2 levels) in run_file'
  [1m[36mStatType Create (0.1ms)[0m  [1m[32mINSERT INTO "stat_types" ("name", "label", "category", "created_at", "updated_at") VALUES ($1, $2, $3, $4, $5) RETURNING "id"[0m  [["name", "rbi"], ["label", "RBI"], ["category", "pitching"], ["created_at", "2026-06-06 06:28:18.147967"], ["updated_at", "2026-06-06 06:28:18.147967"]]
  ↳ (eval):1:in `block (2 levels) in run_file'
  [1m[36mStatType Load (0.0ms)[0m  [1m[34mSELECT "stat_types".* FROM "stat_types" WHERE "stat_types"."category" = $1 AND "stat_types"."name" = $2 LIMIT $3[0m  [["category", "pitching"], ["name", "pitchesThrown"], ["LIMIT", 1]]
  ↳ (eval):1:in `block (2 levels) in run_file'
  [1m[36mStatType Create (0.1ms)[0m  [1m[32mINSERT INTO "stat_types" ("name", "label", "category", "created_at", "updated_at") VALUES ($1, $2, $3, $4, $5) RETURNING "id"[0m  [["name", "pitchesThrown"], ["label", "P"], ["category", "pitching"], ["created_at", "2026-06-06 06:28:18.148557"], ["updated_at", "2026-06-06 06:28:18.148557"]]
  ↳ (eval):1:in `block (2 levels) in run_file'
  [1m[36mStatType Load (0.0ms)[0m  [1m[34mSELECT "stat_types".* FROM "stat_types" WHERE "stat_types"."category" = $1 AND "stat_types"."name" = $2 LIMIT $3[0m  [["category", "pitching"], ["name", "strikeoutWalkRatio"], ["LIMIT", 1]]
  ↳ (eval):1:in `block (2 levels) in run_file'
  [1m[36mStatType Create (0.1ms)[0m  [1m[32mINSERT INTO "stat_types" ("name", "label", "category", "created_at", "updated_at") VALUES ($1, $2, $3, $4, $5) RETURNING "id"[0m  [["name", "strikeoutWalkRatio"], ["label", "K/BB"], ["category", "pitching"], ["created_at", "2026-06-06 06:28:18.149039"], ["updated_at", "2026-06-06 06:28:18.149039"]]
  ↳ (eval):1:in `block (2 levels) in run_file'
  [1m[36mStatType Load (0.0ms)[0m  [1m[34mSELECT "stat_types".* FROM "stat_types" WHERE "stat_types"."category" = $1 AND "stat_types"."name" = $2 LIMIT $3[0m  [["category", "pitching"], ["name", "strikeoutsPer9Inn"], ["LIMIT", 1]]
  ↳ (eval):1:in `block (2 levels) in run_file'
  [1m[36mStatType Create (0.1ms)[0m  [1m[32mINSERT INTO "stat_types" ("name", "label", "category", "created_at", "updated_at") VALUES ($1, $2, $3, $4, $5) RETURNING "id"[0m  [["name", "strikeoutsPer9Inn"], ["label", "K/9"], ["category", "pitching"], ["created_at", "2026-06-06 06:28:18.149501"], ["updated_at", "2026-06-06 06:28:18.149501"]]
  ↳ (eval):1:in `block (2 levels) in run_file'
  [1m[36mStatType Load (0.0ms)[0m  [1m[34mSELECT "stat_types".* FROM "stat_types" WHERE "stat_types"."category" = $1 AND "stat_types"."name" = $2 LIMIT $3[0m  [["category", "pitching"], ["name", "walksPer9Inn"], ["LIMIT", 1]]
  ↳ (eval):1:in `block (2 levels) in run_file'
  [1m[36mStatType Create (0.1ms)[0m  [1m[32mINSERT INTO "stat_types" ("name", "label", "category", "created_at", "updated_at") VALUES ($1, $2, $3, $4, $5) RETURNING "id"[0m  [["name", "walksPer9Inn"], ["label", "BB/9"], ["category", "pitching"], ["created_at", "2026-06-06 06:28:18.150174"], ["updated_at", "2026-06-06 06:28:18.150174"]]
  ↳ (eval):1:in `block (2 levels) in run_file'
  [1m[36mStatType Load (0.0ms)[0m  [1m[34mSELECT "stat_types".* FROM "stat_types" WHERE "stat_types"."category" = $1 AND "stat_types"."name" = $2 LIMIT $3[0m  [["category", "pitching"], ["name", "hitsPer9Inn"], ["LIMIT", 1]]
  ↳ (eval):1:in `block (2 levels) in run_file'
  [1m[36mStatType Create (0.1ms)[0m  [1m[32mINSERT INTO "stat_types" ("name", "label", "category", "created_at", "updated_at") VALUES ($1, $2, $3, $4, $5) RETURNING "id"[0m  [["name", "hitsPer9Inn"], ["label", "H/9"], ["category", "pitching"], ["created_at", "2026-06-06 06:28:18.150644"], ["updated_at", "2026-06-06 06:28:18.150644"]]
  ↳ (eval):1:in `block (2 levels) in run_file'
  [1m[36mStatType Load (0.0ms)[0m  [1m[34mSELECT "stat_types".* FROM "stat_types" WHERE "stat_types"."category" = $1 AND "stat_types"."name" = $2 LIMIT $3[0m  [["category", "pitching"], ["name", "homeRunsPer9"], ["LIMIT", 1]]
  ↳ (eval):1:in `block (2 levels) in run_file'
  [1m[36mStatType Create (0.1ms)[0m  [1m[32mINSERT INTO "stat_types" ("name", "label", "category", "created_at", "updated_at") VALUES ($1, $2, $3, $4, $5) RETURNING "id"[0m  [["name", "homeRunsPer9"], ["label", "HR/9"], ["category", "pitching"], ["created_at", "2026-06-06 06:28:18.151112"], ["updated_at", "2026-06-06 06:28:18.151112"]]
  ↳ (eval):1:in `block (2 levels) in run_file'
  [1m[36mStatType Load (0.0ms)[0m  [1m[34mSELECT "stat_types".* FROM "stat_types" WHERE "stat_types"."category" = $1 AND "stat_types"."name" = $2 LIMIT $3[0m  [["category", "pitching"], ["name", "sacBunts"], ["LIMIT", 1]]
  ↳ (eval):1:in `block (2 levels) in run_file'
  [1m[36mStatType Create (0.1ms)[0m  [1m[32mINSERT INTO "stat_types" ("name", "label", "category", "created_at", "updated_at") VALUES ($1, $2, $3, $4, $5) RETURNING "id"[0m  [["name", "sacBunts"], ["label", "SH"], ["category", "pitching"], ["created_at", "2026-06-06 06:28:18.151574"], ["updated_at", "2026-06-06 06:28:18.151574"]]
  ↳ (eval):1:in `block (2 levels) in run_file'
  [1m[36mStatType Load (0.0ms)[0m  [1m[34mSELECT "stat_types".* FROM "stat_types" WHERE "stat_types"."category" = $1 AND "stat_types"."name" = $2 LIMIT $3[0m  [["category", "pitching"], ["name", "sacFlies"], ["LIMIT", 1]]
  ↳ (eval):1:in `block (2 levels) in run_file'
  [1m[36mStatType Create (0.1ms)[0m  [1m[32mINSERT INTO "stat_types" ("name", "label", "category", "created_at", "updated_at") VALUES ($1, $2, $3, $4, $5) RETURNING "id"[0m  [["name", "sacFlies"], ["label", "SF"], ["category", "pitching"], ["created_at", "2026-06-06 06:28:18.152593"], ["updated_at", "2026-06-06 06:28:18.152593"]]
  ↳ (eval):1:in `block (2 levels) in run_file'
  [1m[36mStatType Load (0.0ms)[0m  [1m[34mSELECT "stat_types".* FROM "stat_types" WHERE "stat_types"."category" = $1 AND "stat_types"."name" = $2 LIMIT $3[0m  [["category", "pitching"], ["name", "velocity"], ["LIMIT", 1]]
  ↳ (eval):1:in `block (2 levels) in run_file'
  [1m[36mStatType Create (0.1ms)[0m  [1m[32mINSERT INTO "stat_types" ("name", "label", "category", "created_at", "updated_at") VALUES ($1, $2, $3, $4, $5) RETURNING "id"[0m  [["name", "velocity"], ["label", "Velo"], ["category", "pitching"], ["created_at", "2026-06-06 06:28:18.153089"], ["updated_at", "2026-06-06 06:28:18.153089"]]
  ↳ (eval):1:in `block (2 levels) in run_file'
  [1m[36mStatType Load (0.0ms)[0m  [1m[34mSELECT "stat_types".* FROM "stat_types" WHERE "stat_types"."category" = $1 AND "stat_types"."name" = $2 LIMIT $3[0m  [["category", "batting"], ["name", "gamesPlayed"], ["LIMIT", 1]]
  ↳ (eval):1:in `block (2 levels) in run_file'
  [1m[36mStatType Create (0.1ms)[0m  [1m[32mINSERT INTO "stat_types" ("name", "label", "category", "created_at", "updated_at") VALUES ($1, $2, $3, $4, $5) RETURNING "id"[0m  [["name", "gamesPlayed"], ["label", "G"], ["category", "batting"], ["created_at", "2026-06-06 06:28:18.153562"], ["updated_at", "2026-06-06 06:28:18.153562"]]
  ↳ (eval):1:in `block (2 levels) in run_file'
  [1m[36mStatType Load (0.1ms)[0m  [1m[34mSELECT "stat_types".* FROM "stat_types" WHERE "stat_types"."category" = $1 AND "stat_types"."name" = $2 LIMIT $3[0m  [["category", "batting"], ["name", "G"], ["LIMIT", 1]]
  ↳ (eval):1:in `block (2 levels) in run_file'
  [1m[36mStatType Create (0.1ms)[0m  [1m[32mINSERT INTO "stat_types" ("name", "label", "category", "created_at", "updated_at") VALUES ($1, $2, $3, $4, $5) RETURNING "id"[0m  [["name", "G"], ["label", "G"], ["category", "batting"], ["created_at", "2026-06-06 06:28:18.154290"], ["updated_at", "2026-06-06 06:28:18.154290"]]
  ↳ (eval):1:in `block (2 levels) in run_file'
  [1m[36mStatType Load (0.0ms)[0m  [1m[34mSELECT "stat_types".* FROM "stat_types" WHERE "stat_types"."category" = $1 AND "stat_types"."name" = $2 LIMIT $3[0m  [["category", "batting"], ["name", "GS"], ["LIMIT", 1]]
  ↳ (eval):1:in `block (2 levels) in run_file'
  [1m[36mStatType Create (0.1ms)[0m  [1m[32mINSERT INTO "stat_types" ("name", "label", "category", "created_at", "updated_at") VALUES ($1, $2, $3, $4, $5) RETURNING "id"[0m  [["name", "GS"], ["label", "GS"], ["category", "batting"], ["created_at", "2026-06-06 06:28:18.154787"], ["updated_at", "2026-06-06 06:28:18.154787"]]
  ↳ (eval):1:in `block (2 levels) in run_file'
  [1m[36mStatType Load (0.0ms)[0m  [1m[34mSELECT "stat_types".* FROM "stat_types" WHERE "stat_types"."category" = $1 AND "stat_types"."name" = $2 LIMIT $3[0m  [["category", "batting"], ["name", "PA"], ["LIMIT", 1]]
  ↳ (eval):1:in `block (2 levels) in run_file'
  [1m[36mStatType Create (0.4ms)[0m  [1m[32mINSERT INTO "stat_types" ("name", "label", "category", "created_at", "updated_at") VALUES ($1, $2, $3, $4, $5) RETURNING "id"[0m  [["name", "PA"], ["label", "PA"], ["category", "batting"], ["created_at", "2026-06-06 06:28:18.155487"], ["updated_at", "2026-06-06 06:28:18.155487"]]
  ↳ (eval):1:in `block (2 levels) in run_file'
  [1m[36mStatType Load (0.0ms)[0m  [1m[34mSELECT "stat_types".* FROM "stat_types" WHERE "stat_types"."category" = $1 AND "stat_types"."name" = $2 LIMIT $3[0m  [["category", "batting"], ["name", "plateAppearances"], ["LIMIT", 1]]
  ↳ (eval):1:in `block (2 levels) in run_file'
  [1m[36mStatType Create (0.1ms)[0m  [1m[32mINSERT INTO "stat_types" ("name", "label", "category", "created_at", "updated_at") VALUES ($1, $2, $3, $4, $5) RETURNING "id"[0m  [["name", "plateAppearances"], ["label", "PA"], ["category", "batting"], ["created_at", "2026-06-06 06:28:18.156258"], ["updated_at", "2026-06-06 06:28:18.156258"]]
  ↳ (eval):1:in `block (2 levels) in run_file'
  [1m[36mStatType Load (0.0ms)[0m  [1m[34mSELECT "stat_types".* FROM "stat_types" WHERE "stat_types"."category" = $1 AND "stat_types"."name" = $2 LIMIT $3[0m  [["category", "batting"], ["name", "AB"], ["LIMIT", 1]]
  ↳ (eval):1:in `block (2 levels) in run_file'
  [1m[36mStatType Create (0.1ms)[0m  [1m[32mINSERT INTO "stat_types" ("name", "label", "category", "created_at", "updated_at") VALUES ($1, $2, $3, $4, $5) RETURNING "id"[0m  [["name", "AB"], ["label", "AB"], ["category", "batting"], ["created_at", "2026-06-06 06:28:18.156720"], ["updated_at", "2026-06-06 06:28:18.156720"]]
  ↳ (eval):1:in `block (2 levels) in run_file'
  [1m[36mStatType Load (0.0ms)[0m  [1m[34mSELECT "stat_types".* FROM "stat_types" WHERE "stat_types"."category" = $1 AND "stat_types"."name" = $2 LIMIT $3[0m  [["category", "batting"], ["name", "atBats"], ["LIMIT", 1]]
  ↳ (eval):1:in `block (2 levels) in run_file'
  [1m[36mStatType Create (0.1ms)[0m  [1m[32mINSERT INTO "stat_types" ("name", "label", "category", "created_at", "updated_at") VALUES ($1, $2, $3, $4, $5) RETURNING "id"[0m  [["name", "atBats"], ["label", "AB"], ["category", "batting"], ["created_at", "2026-06-06 06:28:18.157317"], ["updated_at", "2026-06-06 06:28:18.157317"]]
  ↳ (eval):1:in `block (2 levels) in run_file'
  [1m[36mStatType Load (0.0ms)[0m  [1m[34mSELECT "stat_types".* FROM "stat_types" WHERE "stat_types"."category" = $1 AND "stat_types"."name" = $2 LIMIT $3[0m  [["category", "batting"], ["name", "H"], ["LIMIT", 1]]
  ↳ (eval):1:in `block (2 levels) in run_file'
  [1m[36mStatType Create (0.1ms)[0m  [1m[32mINSERT INTO "stat_types" ("name", "label", "category", "created_at", "updated_at") VALUES ($1, $2, $3, $4, $5) RETURNING "id"[0m  [["name", "H"], ["label", "H"], ["category", "batting"], ["created_at", "2026-06-06 06:28:18.157803"], ["updated_at", "2026-06-06 06:28:18.157803"]]
  ↳ (eval):1:in `block (2 levels) in run_file'
  [1m[36mStatType Load (0.2ms)[0m  [1m[34mSELECT "stat_types".* FROM "stat_types" WHERE "stat_types"."category" = $1 AND "stat_types"."name" = $2 LIMIT $3[0m  [["category", "batting"], ["name", "hits"], ["LIMIT", 1]]
  ↳ (eval):1:in `block (2 levels) in run_file'
  [1m[36mStatType Create (0.1ms)[0m  [1m[32mINSERT INTO "stat_types" ("name", "label", "category", "created_at", "updated_at") VALUES ($1, $2, $3, $4, $5) RETURNING "id"[0m  [["name", "hits"], ["label", "H"], ["category", "batting"], ["created_at", "2026-06-06 06:28:18.158516"], ["updated_at", "2026-06-06 06:28:18.158516"]]
  ↳ (eval):1:in `block (2 levels) in run_file'
  [1m[36mStatType Load (0.0ms)[0m  [1m[34mSELECT "stat_types".* FROM "stat_types" WHERE "stat_types"."category" = $1 AND "stat_types"."name" = $2 LIMIT $3[0m  [["category", "batting"], ["name", "1B"], ["LIMIT", 1]]
  ↳ (eval):1:in `block (2 levels) in run_file'
  [1m[36mStatType Create (0.1ms)[0m  [1m[32mINSERT INTO "stat_types" ("name", "label", "category", "created_at", "updated_at") VALUES ($1, $2, $3, $4, $5) RETURNING "id"[0m  [["name", "1B"], ["label", "1B"], ["category", "batting"], ["created_at", "2026-06-06 06:28:18.159082"], ["updated_at", "2026-06-06 06:28:18.159082"]]
  ↳ (eval):1:in `block (2 levels) in run_file'
  [1m[36mStatType Load (0.0ms)[0m  [1m[34mSELECT "stat_types".* FROM "stat_types" WHERE "stat_types"."category" = $1 AND "stat_types"."name" = $2 LIMIT $3[0m  [["category", "batting"], ["name", "2B"], ["LIMIT", 1]]
  ↳ (eval):1:in `block (2 levels) in run_file'
  [1m[36mStatType Create (0.1ms)[0m  [1m[32mINSERT INTO "stat_types" ("name", "label", "category", "created_at", "updated_at") VALUES ($1, $2, $3, $4, $5) RETURNING "id"[0m  [["name", "2B"], ["label", "2B"], ["category", "batting"], ["created_at", "2026-06-06 06:28:18.159547"], ["updated_at", "2026-06-06 06:28:18.159547"]]
  ↳ (eval):1:in `block (2 levels) in run_file'
  [1m[36mStatType Load (0.0ms)[0m  [1m[34mSELECT "stat_types".* FROM "stat_types" WHERE "stat_types"."category" = $1 AND "stat_types"."name" = $2 LIMIT $3[0m  [["category", "batting"], ["name", "doubles"], ["LIMIT", 1]]
  ↳ (eval):1:in `block (2 levels) in run_file'
  [1m[36mStatType Create (0.1ms)[0m  [1m[32mINSERT INTO "stat_types" ("name", "label", "category", "created_at", "updated_at") VALUES ($1, $2, $3, $4, $5) RETURNING "id"[0m  [["name", "doubles"], ["label", "2B"], ["category", "batting"], ["created_at", "2026-06-06 06:28:18.160041"], ["updated_at", "2026-06-06 06:28:18.160041"]]
  ↳ (eval):1:in `block (2 levels) in run_file'
  [1m[36mStatType Load (0.0ms)[0m  [1m[34mSELECT "stat_types".* FROM "stat_types" WHERE "stat_types"."category" = $1 AND "stat_types"."name" = $2 LIMIT $3[0m  [["category", "batting"], ["name", "3B"], ["LIMIT", 1]]
  ↳ (eval):1:in `block (2 levels) in run_file'
  [1m[36mStatType Create (0.1ms)[0m  [1m[32mINSERT INTO "stat_types" ("name", "label", "category", "created_at", "updated_at") VALUES ($1, $2, $3, $4, $5) RETURNING "id"[0m  [["name", "3B"], ["label", "3B"], ["category", "batting"], ["created_at", "2026-06-06 06:28:18.160492"], ["updated_at", "2026-06-06 06:28:18.160492"]]
  ↳ (eval):1:in `block (2 levels) in run_file'
  [1m[36mStatType Load (0.0ms)[0m  [1m[34mSELECT "stat_types".* FROM "stat_types" WHERE "stat_types"."category" = $1 AND "stat_types"."name" = $2 LIMIT $3[0m  [["category", "batting"], ["name", "triples"], ["LIMIT", 1]]
  ↳ (eval):1:in `block (2 levels) in run_file'
  [1m[36mStatType Create (0.1ms)[0m  [1m[32mINSERT INTO "stat_types" ("name", "label", "category", "created_at", "updated_at") VALUES ($1, $2, $3, $4, $5) RETURNING "id"[0m  [["name", "triples"], ["label", "3B"], ["category", "batting"], ["created_at", "2026-06-06 06:28:18.160947"], ["updated_at", "2026-06-06 06:28:18.160947"]]
  ↳ (eval):1:in `block (2 levels) in run_file'
  [1m[36mStatType Load (0.0ms)[0m  [1m[34mSELECT "stat_types".* FROM "stat_types" WHERE "stat_types"."category" = $1 AND "stat_types"."name" = $2 LIMIT $3[0m  [["category", "batting"], ["name", "HR"], ["LIMIT", 1]]
  ↳ (eval):1:in `block (2 levels) in run_file'
  [1m[36mStatType Create (0.1ms)[0m  [1m[32mINSERT INTO "stat_types" ("name", "label", "category", "created_at", "updated_at") VALUES ($1, $2, $3, $4, $5) RETURNING "id"[0m  [["name", "HR"], ["label", "HR"], ["category", "batting"], ["created_at", "2026-06-06 06:28:18.161481"], ["updated_at", "2026-06-06 06:28:18.161481"]]
  ↳ (eval):1:in `block (2 levels) in run_file'
  [1m[36mStatType Load (0.0ms)[0m  [1m[34mSELECT "stat_types".* FROM "stat_types" WHERE "stat_types"."category" = $1 AND "stat_types"."name" = $2 LIMIT $3[0m  [["category", "batting"], ["name", "homeRuns"], ["LIMIT", 1]]
  ↳ (eval):1:in `block (2 levels) in run_file'
  [1m[36mStatType Create (0.1ms)[0m  [1m[32mINSERT INTO "stat_types" ("name", "label", "category", "created_at", "updated_at") VALUES ($1, $2, $3, $4, $5) RETURNING "id"[0m  [["name", "homeRuns"], ["label", "HR"], ["category", "batting"], ["created_at", "2026-06-06 06:28:18.161977"], ["updated_at", "2026-06-06 06:28:18.161977"]]
  ↳ (eval):1:in `block (2 levels) in run_file'
  [1m[36mStatType Load (0.0ms)[0m  [1m[34mSELECT "stat_types".* FROM "stat_types" WHERE "stat_types"."category" = $1 AND "stat_types"."name" = $2 LIMIT $3[0m  [["category", "batting"], ["name", "R"], ["LIMIT", 1]]
  ↳ (eval):1:in `block (2 levels) in run_file'
  [1m[36mStatType Create (0.1ms)[0m  [1m[32mINSERT INTO "stat_types" ("name", "label", "category", "created_at", "updated_at") VALUES ($1, $2, $3, $4, $5) RETURNING "id"[0m  [["name", "R"], ["label", "R"], ["category", "batting"], ["created_at", "2026-06-06 06:28:18.162486"], ["updated_at", "2026-06-06 06:28:18.162486"]]
  ↳ (eval):1:in `block (2 levels) in run_file'
  [1m[36mStatType Load (0.0ms)[0m  [1m[34mSELECT "stat_types".* FROM "stat_types" WHERE "stat_types"."category" = $1 AND "stat_types"."name" = $2 LIMIT $3[0m  [["category", "batting"], ["name", "runs"], ["LIMIT", 1]]
  ↳ (eval):1:in `block (2 levels) in run_file'
  [1m[36mStatType Create (0.1ms)[0m  [1m[32mINSERT INTO "stat_types" ("name", "label", "category", "created_at", "updated_at") VALUES ($1, $2, $3, $4, $5) RETURNING "id"[0m  [["name", "runs"], ["label", "R"], ["category", "batting"], ["created_at", "2026-06-06 06:28:18.163007"], ["updated_at", "2026-06-06 06:28:18.163007"]]
  ↳ (eval):1:in `block (2 levels) in run_file'
  [1m[36mStatType Load (0.1ms)[0m  [1m[34mSELECT "stat_types".* FROM "stat_types" WHERE "stat_types"."category" = $1 AND "stat_types"."name" = $2 LIMIT $3[0m  [["category", "batting"], ["name", "RBI"], ["LIMIT", 1]]
  ↳ (eval):1:in `block (2 levels) in run_file'
  [1m[36mStatType Create (0.1ms)[0m  [1m[32mINSERT INTO "stat_types" ("name", "label", "category", "created_at", "updated_at") VALUES ($1, $2, $3, $4, $5) RETURNING "id"[0m  [["name", "RBI"], ["label", "RBI"], ["category", "batting"], ["created_at", "2026-06-06 06:28:18.163511"], ["updated_at", "2026-06-06 06:28:18.163511"]]
  ↳ (eval):1:in `block (2 levels) in run_file'
  [1m[36mStatType Load (0.0ms)[0m  [1m[34mSELECT "stat_types".* FROM "stat_types" WHERE "stat_types"."category" = $1 AND "stat_types"."name" = $2 LIMIT $3[0m  [["category", "batting"], ["name", "rbi"], ["LIMIT", 1]]
  ↳ (eval):1:in `block (2 levels) in run_file'
  [1m[36mStatType Create (0.1ms)[0m  [1m[32mINSERT INTO "stat_types" ("name", "label", "category", "created_at", "updated_at") VALUES ($1, $2, $3, $4, $5) RETURNING "id"[0m  [["name", "rbi"], ["label", "RBI"], ["category", "batting"], ["created_at", "2026-06-06 06:28:18.164037"], ["updated_at", "2026-06-06 06:28:18.164037"]]
  ↳ (eval):1:in `block (2 levels) in run_file'
  [1m[36mStatType Load (0.0ms)[0m  [1m[34mSELECT "stat_types".* FROM "stat_types" WHERE "stat_types"."category" = $1 AND "stat_types"."name" = $2 LIMIT $3[0m  [["category", "batting"], ["name", "BB"], ["LIMIT", 1]]
  ↳ (eval):1:in `block (2 levels) in run_file'
  [1m[36mStatType Create (0.1ms)[0m  [1m[32mINSERT INTO "stat_types" ("name", "label", "category", "created_at", "updated_at") VALUES ($1, $2, $3, $4, $5) RETURNING "id"[0m  [["name", "BB"], ["label", "BB"], ["category", "batting"], ["created_at", "2026-06-06 06:28:18.164608"], ["updated_at", "2026-06-06 06:28:18.164608"]]
  ↳ (eval):1:in `block (2 levels) in run_file'
  [1m[36mStatType Load (0.0ms)[0m  [1m[34mSELECT "stat_types".* FROM "stat_types" WHERE "stat_types"."category" = $1 AND "stat_types"."name" = $2 LIMIT $3[0m  [["category", "batting"], ["name", "baseOnBalls"], ["LIMIT", 1]]
  ↳ (eval):1:in `block (2 levels) in run_file'
  [1m[36mStatType Create (0.1ms)[0m  [1m[32mINSERT INTO "stat_types" ("name", "label", "category", "created_at", "updated_at") VALUES ($1, $2, $3, $4, $5) RETURNING "id"[0m  [["name", "baseOnBalls"], ["label", "BB"], ["category", "batting"], ["created_at", "2026-06-06 06:28:18.165095"], ["updated_at", "2026-06-06 06:28:18.165095"]]
  ↳ (eval):1:in `block (2 levels) in run_file'
  [1m[36mStatType Load (0.0ms)[0m  [1m[34mSELECT "stat_types".* FROM "stat_types" WHERE "stat_types"."category" = $1 AND "stat_types"."name" = $2 LIMIT $3[0m  [["category", "batting"], ["name", "IBB"], ["LIMIT", 1]]
  ↳ (eval):1:in `block (2 levels) in run_file'
  [1m[36mStatType Create (0.1ms)[0m  [1m[32mINSERT INTO "stat_types" ("name", "label", "category", "created_at", "updated_at") VALUES ($1, $2, $3, $4, $5) RETURNING "id"[0m  [["name", "IBB"], ["label", "IBB"], ["category", "batting"], ["created_at", "2026-06-06 06:28:18.165552"], ["updated_at", "2026-06-06 06:28:18.165552"]]
  ↳ (eval):1:in `block (2 levels) in run_file'
  [1m[36mStatType Load (0.0ms)[0m  [1m[34mSELECT "stat_types".* FROM "stat_types" WHERE "stat_types"."category" = $1 AND "stat_types"."name" = $2 LIMIT $3[0m  [["category", "batting"], ["name", "intentionalWalks"], ["LIMIT", 1]]
  ↳ (eval):1:in `block (2 levels) in run_file'
  [1m[36mStatType Create (0.1ms)[0m  [1m[32mINSERT INTO "stat_types" ("name", "label", "category", "created_at", "updated_at") VALUES ($1, $2, $3, $4, $5) RETURNING "id"[0m  [["name", "intentionalWalks"], ["label", "IBB"], ["category", "batting"], ["created_at", "2026-06-06 06:28:18.166091"], ["updated_at", "2026-06-06 06:28:18.166091"]]
  ↳ (eval):1:in `block (2 levels) in run_file'
  [1m[36mStatType Load (0.0ms)[0m  [1m[34mSELECT "stat_types".* FROM "stat_types" WHERE "stat_types"."category" = $1 AND "stat_types"."name" = $2 LIMIT $3[0m  [["category", "batting"], ["name", "SO"], ["LIMIT", 1]]
  ↳ (eval):1:in `block (2 levels) in run_file'
  [1m[36mStatType Create (0.1ms)[0m  [1m[32mINSERT INTO "stat_types" ("name", "label", "category", "created_at", "updated_at") VALUES ($1, $2, $3, $4, $5) RETURNING "id"[0m  [["name", "SO"], ["label", "SO"], ["category", "batting"], ["created_at", "2026-06-06 06:28:18.166539"], ["updated_at", "2026-06-06 06:28:18.166539"]]
  ↳ (eval):1:in `block (2 levels) in run_file'
  [1m[36mStatType Load (0.0ms)[0m  [1m[34mSELECT "stat_types".* FROM "stat_types" WHERE "stat_types"."category" = $1 AND "stat_types"."name" = $2 LIMIT $3[0m  [["category", "batting"], ["name", "strikeOuts"], ["LIMIT", 1]]
  ↳ (eval):1:in `block (2 levels) in run_file'
  [1m[36mStatType Create (0.1ms)[0m  [1m[32mINSERT INTO "stat_types" ("name", "label", "category", "created_at", "updated_at") VALUES ($1, $2, $3, $4, $5) RETURNING "id"[0m  [["name", "strikeOuts"], ["label", "SO"], ["category", "batting"], ["created_at", "2026-06-06 06:28:18.166990"], ["updated_at", "2026-06-06 06:28:18.166990"]]
  ↳ (eval):1:in `block (2 levels) in run_file'
  [1m[36mStatType Load (0.0ms)[0m  [1m[34mSELECT "stat_types".* FROM "stat_types" WHERE "stat_types"."category" = $1 AND "stat_types"."name" = $2 LIMIT $3[0m  [["category", "batting"], ["name", "HBP"], ["LIMIT", 1]]
  ↳ (eval):1:in `block (2 levels) in run_file'
  [1m[36mStatType Create (0.1ms)[0m  [1m[32mINSERT INTO "stat_types" ("name", "label", "category", "created_at", "updated_at") VALUES ($1, $2, $3, $4, $5) RETURNING "id"[0m  [["name", "HBP"], ["label", "HBP"], ["category", "batting"], ["created_at", "2026-06-06 06:28:18.167497"], ["updated_at", "2026-06-06 06:28:18.167497"]]
  ↳ (eval):1:in `block (2 levels) in run_file'
  [1m[36mStatType Load (0.0ms)[0m  [1m[34mSELECT "stat_types".* FROM "stat_types" WHERE "stat_types"."category" = $1 AND "stat_types"."name" = $2 LIMIT $3[0m  [["category", "batting"], ["name", "hitByPitch"], ["LIMIT", 1]]
  ↳ (eval):1:in `block (2 levels) in run_file'
  [1m[36mStatType Create (0.1ms)[0m  [1m[32mINSERT INTO "stat_types" ("name", "label", "category", "created_at", "updated_at") VALUES ($1, $2, $3, $4, $5) RETURNING "id"[0m  [["name", "hitByPitch"], ["label", "HBP"], ["category", "batting"], ["created_at", "2026-06-06 06:28:18.167959"], ["updated_at", "2026-06-06 06:28:18.167959"]]
  ↳ (eval):1:in `block (2 levels) in run_file'
  [1m[36mStatType Load (0.0ms)[0m  [1m[34mSELECT "stat_types".* FROM "stat_types" WHERE "stat_types"."category" = $1 AND "stat_types"."name" = $2 LIMIT $3[0m  [["category", "batting"], ["name", "SF"], ["LIMIT", 1]]
  ↳ (eval):1:in `block (2 levels) in run_file'
  [1m[36mStatType Create (0.1ms)[0m  [1m[32mINSERT INTO "stat_types" ("name", "label", "category", "created_at", "updated_at") VALUES ($1, $2, $3, $4, $5) RETURNING "id"[0m  [["name", "SF"], ["label", "SF"], ["category", "batting"], ["created_at", "2026-06-06 06:28:18.168414"], ["updated_at", "2026-06-06 06:28:18.168414"]]
  ↳ (eval):1:in `block (2 levels) in run_file'
  [1m[36mStatType Load (0.0ms)[0m  [1m[34mSELECT "stat_types".* FROM "stat_types" WHERE "stat_types"."category" = $1 AND "stat_types"."name" = $2 LIMIT $3[0m  [["category", "batting"], ["name", "sacFlies"], ["LIMIT", 1]]
  ↳ (eval):1:in `block (2 levels) in run_file'
  [1m[36mStatType Create (0.1ms)[0m  [1m[32mINSERT INTO "stat_types" ("name", "label", "category", "created_at", "updated_at") VALUES ($1, $2, $3, $4, $5) RETURNING "id"[0m  [["name", "sacFlies"], ["label", "SF"], ["category", "batting"], ["created_at", "2026-06-06 06:28:18.168937"], ["updated_at", "2026-06-06 06:28:18.168937"]]
  ↳ (eval):1:in `block (2 levels) in run_file'
  [1m[36mStatType Load (0.0ms)[0m  [1m[34mSELECT "stat_types".* FROM "stat_types" WHERE "stat_types"."category" = $1 AND "stat_types"."name" = $2 LIMIT $3[0m  [["category", "batting"], ["name", "SH"], ["LIMIT", 1]]
  ↳ (eval):1:in `block (2 levels) in run_file'
  [1m[36mStatType Create (0.1ms)[0m  [1m[32mINSERT INTO "stat_types" ("name", "label", "category", "created_at", "updated_at") VALUES ($1, $2, $3, $4, $5) RETURNING "id"[0m  [["name", "SH"], ["label", "SH"], ["category", "batting"], ["created_at", "2026-06-06 06:28:18.169397"], ["updated_at", "2026-06-06 06:28:18.169397"]]
  ↳ (eval):1:in `block (2 levels) in run_file'
  [1m[36mStatType Load (0.0ms)[0m  [1m[34mSELECT "stat_types".* FROM "stat_types" WHERE "stat_types"."category" = $1 AND "stat_types"."name" = $2 LIMIT $3[0m  [["category", "batting"], ["name", "sacBunts"], ["LIMIT", 1]]
  ↳ (eval):1:in `block (2 levels) in run_file'
  [1m[36mStatType Create (0.1ms)[0m  [1m[32mINSERT INTO "stat_types" ("name", "label", "category", "created_at", "updated_at") VALUES ($1, $2, $3, $4, $5) RETURNING "id"[0m  [["name", "sacBunts"], ["label", "SH"], ["category", "batting"], ["created_at", "2026-06-06 06:28:18.169896"], ["updated_at", "2026-06-06 06:28:18.169896"]]
  ↳ (eval):1:in `block (2 levels) in run_file'
  [1m[36mStatType Load (0.0ms)[0m  [1m[34mSELECT "stat_types".* FROM "stat_types" WHERE "stat_types"."category" = $1 AND "stat_types"."name" = $2 LIMIT $3[0m  [["category", "batting"], ["name", "GDP"], ["LIMIT", 1]]
  ↳ (eval):1:in `block (2 levels) in run_file'
  [1m[36mStatType Create (0.1ms)[0m  [1m[32mINSERT INTO "stat_types" ("name", "label", "category", "created_at", "updated_at") VALUES ($1, $2, $3, $4, $5) RETURNING "id"[0m  [["name", "GDP"], ["label", "GDP"], ["category", "batting"], ["created_at", "2026-06-06 06:28:18.170433"], ["updated_at", "2026-06-06 06:28:18.170433"]]
  ↳ (eval):1:in `block (2 levels) in run_file'
  [1m[36mStatType Load (0.0ms)[0m  [1m[34mSELECT "stat_types".* FROM "stat_types" WHERE "stat_types"."category" = $1 AND "stat_types"."name" = $2 LIMIT $3[0m  [["category", "batting"], ["name", "groundIntoDoublePlay"], ["LIMIT", 1]]
  ↳ (eval):1:in `block (2 levels) in run_file'
  [1m[36mStatType Create (0.1ms)[0m  [1m[32mINSERT INTO "stat_types" ("name", "label", "category", "created_at", "updated_at") VALUES ($1, $2, $3, $4, $5) RETURNING "id"[0m  [["name", "groundIntoDoublePlay"], ["label", "GDP"], ["category", "batting"], ["created_at", "2026-06-06 06:28:18.170905"], ["updated_at", "2026-06-06 06:28:18.170905"]]
  ↳ (eval):1:in `block (2 levels) in run_file'
  [1m[36mStatType Load (0.1ms)[0m  [1m[34mSELECT "stat_types".* FROM "stat_types" WHERE "stat_types"."category" = $1 AND "stat_types"."name" = $2 LIMIT $3[0m  [["category", "batting"], ["name", "SB"], ["LIMIT", 1]]
  ↳ (eval):1:in `block (2 levels) in run_file'
  [1m[36mStatType Create (0.1ms)[0m  [1m[32mINSERT INTO "stat_types" ("name", "label", "category", "created_at", "updated_at") VALUES ($1, $2, $3, $4, $5) RETURNING "id"[0m  [["name", "SB"], ["label", "SB"], ["category", "batting"], ["created_at", "2026-06-06 06:28:18.171404"], ["updated_at", "2026-06-06 06:28:18.171404"]]
  ↳ (eval):1:in `block (2 levels) in run_file'
  [1m[36mStatType Load (0.0ms)[0m  [1m[34mSELECT "stat_types".* FROM "stat_types" WHERE "stat_types"."category" = $1 AND "stat_types"."name" = $2 LIMIT $3[0m  [["category", "batting"], ["name", "stolenBases"], ["LIMIT", 1]]
  ↳ (eval):1:in `block (2 levels) in run_file'
  [1m[36mStatType Create (0.1ms)[0m  [1m[32mINSERT INTO "stat_types" ("name", "label", "category", "created_at", "updated_at") VALUES ($1, $2, $3, $4, $5) RETURNING "id"[0m  [["name", "stolenBases"], ["label", "SB"], ["category", "batting"], ["created_at", "2026-06-06 06:28:18.172001"], ["updated_at", "2026-06-06 06:28:18.172001"]]
  ↳ (eval):1:in `block (2 levels) in run_file'
  [1m[36mStatType Load (0.1ms)[0m  [1m[34mSELECT "stat_types".* FROM "stat_types" WHERE "stat_types"."category" = $1 AND "stat_types"."name" = $2 LIMIT $3[0m  [["category", "batting"], ["name", "CS"], ["LIMIT", 1]]
  ↳ (eval):1:in `block (2 levels) in run_file'
  [1m[36mStatType Create (0.2ms)[0m  [1m[32mINSERT INTO "stat_types" ("name", "label", "category", "created_at", "updated_at") VALUES ($1, $2, $3, $4, $5) RETURNING "id"[0m  [["name", "CS"], ["label", "CS"], ["category", "batting"], ["created_at", "2026-06-06 06:28:18.172506"], ["updated_at", "2026-06-06 06:28:18.172506"]]
  ↳ (eval):1:in `block (2 levels) in run_file'
  [1m[36mStatType Load (0.0ms)[0m  [1m[34mSELECT "stat_types".* FROM "stat_types" WHERE "stat_types"."category" = $1 AND "stat_types"."name" = $2 LIMIT $3[0m  [["category", "batting"], ["name", "caughtStealing"], ["LIMIT", 1]]
  ↳ (eval):1:in `block (2 levels) in run_file'
  [1m[36mStatType Create (0.1ms)[0m  [1m[32mINSERT INTO "stat_types" ("name", "label", "category", "created_at", "updated_at") VALUES ($1, $2, $3, $4, $5) RETURNING "id"[0m  [["name", "caughtStealing"], ["label", "CS"], ["category", "batting"], ["created_at", "2026-06-06 06:28:18.173124"], ["updated_at", "2026-06-06 06:28:18.173124"]]
  ↳ (eval):1:in `block (2 levels) in run_file'
  [1m[36mStatType Load (0.0ms)[0m  [1m[34mSELECT "stat_types".* FROM "stat_types" WHERE "stat_types"."category" = $1 AND "stat_types"."name" = $2 LIMIT $3[0m  [["category", "batting"], ["name", "AVG"], ["LIMIT", 1]]
  ↳ (eval):1:in `block (2 levels) in run_file'
  [1m[36mStatType Create (0.1ms)[0m  [1m[32mINSERT INTO "stat_types" ("name", "label", "category", "created_at", "updated_at") VALUES ($1, $2, $3, $4, $5) RETURNING "id"[0m  [["name", "AVG"], ["label", "AVG"], ["category", "batting"], ["created_at", "2026-06-06 06:28:18.173632"], ["updated_at", "2026-06-06 06:28:18.173632"]]
  ↳ (eval):1:in `block (2 levels) in run_file'
  [1m[36mStatType Load (0.0ms)[0m  [1m[34mSELECT "stat_types".* FROM "stat_types" WHERE "stat_types"."category" = $1 AND "stat_types"."name" = $2 LIMIT $3[0m  [["category", "batting"], ["name", "avg"], ["LIMIT", 1]]
  ↳ (eval):1:in `block (2 levels) in run_file'
  [1m[36mStatType Create (0.1ms)[0m  [1m[32mINSERT INTO "stat_types" ("name", "label", "category", "created_at", "updated_at") VALUES ($1, $2, $3, $4, $5) RETURNING "id"[0m  [["name", "avg"], ["label", "AVG"], ["category", "batting"], ["created_at", "2026-06-06 06:28:18.174170"], ["updated_at", "2026-06-06 06:28:18.174170"]]
  ↳ (eval):1:in `block (2 levels) in run_file'
  [1m[36mStatType Load (0.0ms)[0m  [1m[34mSELECT "stat_types".* FROM "stat_types" WHERE "stat_types"."category" = $1 AND "stat_types"."name" = $2 LIMIT $3[0m  [["category", "batting"], ["name", "OBP"], ["LIMIT", 1]]
  ↳ (eval):1:in `block (2 levels) in run_file'
  [1m[36mStatType Create (0.1ms)[0m  [1m[32mINSERT INTO "stat_types" ("name", "label", "category", "created_at", "updated_at") VALUES ($1, $2, $3, $4, $5) RETURNING "id"[0m  [["name", "OBP"], ["label", "OBP"], ["category", "batting"], ["created_at", "2026-06-06 06:28:18.174633"], ["updated_at", "2026-06-06 06:28:18.174633"]]
  ↳ (eval):1:in `block (2 levels) in run_file'
  [1m[36mStatType Load (0.0ms)[0m  [1m[34mSELECT "stat_types".* FROM "stat_types" WHERE "stat_types"."category" = $1 AND "stat_types"."name" = $2 LIMIT $3[0m  [["category", "batting"], ["name", "obp"], ["LIMIT", 1]]
  ↳ (eval):1:in `block (2 levels) in run_file'
  [1m[36mStatType Create (0.1ms)[0m  [1m[32mINSERT INTO "stat_types" ("name", "label", "category", "created_at", "updated_at") VALUES ($1, $2, $3, $4, $5) RETURNING "id"[0m  [["name", "obp"], ["label", "OBP"], ["category", "batting"], ["created_at", "2026-06-06 06:28:18.175093"], ["updated_at", "2026-06-06 06:28:18.175093"]]
  ↳ (eval):1:in `block (2 levels) in run_file'
  [1m[36mStatType Load (0.0ms)[0m  [1m[34mSELECT "stat_types".* FROM "stat_types" WHERE "stat_types"."category" = $1 AND "stat_types"."name" = $2 LIMIT $3[0m  [["category", "batting"], ["name", "SLG"], ["LIMIT", 1]]
  ↳ (eval):1:in `block (2 levels) in run_file'
  [1m[36mStatType Create (0.1ms)[0m  [1m[32mINSERT INTO "stat_types" ("name", "label", "category", "created_at", "updated_at") VALUES ($1, $2, $3, $4, $5) RETURNING "id"[0m  [["name", "SLG"], ["label", "SLG"], ["category", "batting"], ["created_at", "2026-06-06 06:28:18.175558"], ["updated_at", "2026-06-06 06:28:18.175558"]]
  ↳ (eval):1:in `block (2 levels) in run_file'
  [1m[36mStatType Load (0.0ms)[0m  [1m[34mSELECT "stat_types".* FROM "stat_types" WHERE "stat_types"."category" = $1 AND "stat_types"."name" = $2 LIMIT $3[0m  [["category", "batting"], ["name", "slg"], ["LIMIT", 1]]
  ↳ (eval):1:in `block (2 levels) in run_file'
  [1m[36mStatType Create (0.1ms)[0m  [1m[32mINSERT INTO "stat_types" ("name", "label", "category", "created_at", "updated_at") VALUES ($1, $2, $3, $4, $5) RETURNING "id"[0m  [["name", "slg"], ["label", "SLG"], ["category", "batting"], ["created_at", "2026-06-06 06:28:18.176457"], ["updated_at", "2026-06-06 06:28:18.176457"]]
  ↳ (eval):1:in `block (2 levels) in run_file'
  [1m[36mStatType Load (0.0ms)[0m  [1m[34mSELECT "stat_types".* FROM "stat_types" WHERE "stat_types"."category" = $1 AND "stat_types"."name" = $2 LIMIT $3[0m  [["category", "batting"], ["name", "OPS"], ["LIMIT", 1]]
  ↳ (eval):1:in `block (2 levels) in run_file'
  [1m[36mStatType Create (0.1ms)[0m  [1m[32mINSERT INTO "stat_types" ("name", "label", "category", "created_at", "updated_at") VALUES ($1, $2, $3, $4, $5) RETURNING "id"[0m  [["name", "OPS"], ["label", "OPS"], ["category", "batting"], ["created_at", "2026-06-06 06:28:18.176923"], ["updated_at", "2026-06-06 06:28:18.176923"]]
  ↳ (eval):1:in `block (2 levels) in run_file'
  [1m[36mStatType Load (0.0ms)[0m  [1m[34mSELECT "stat_types".* FROM "stat_types" WHERE "stat_types"."category" = $1 AND "stat_types"."name" = $2 LIMIT $3[0m  [["category", "batting"], ["name", "ops"], ["LIMIT", 1]]
  ↳ (eval):1:in `block (2 levels) in run_file'
  [1m[36mStatType Create (0.1ms)[0m  [1m[32mINSERT INTO "stat_types" ("name", "label", "category", "created_at", "updated_at") VALUES ($1, $2, $3, $4, $5) RETURNING "id"[0m  [["name", "ops"], ["label", "OPS"], ["category", "batting"], ["created_at", "2026-06-06 06:28:18.177551"], ["updated_at", "2026-06-06 06:28:18.177551"]]
  ↳ (eval):1:in `block (2 levels) in run_file'
  [1m[36mStatType Load (0.0ms)[0m  [1m[34mSELECT "stat_types".* FROM "stat_types" WHERE "stat_types"."category" = $1 AND "stat_types"."name" = $2 LIMIT $3[0m  [["category", "batting"], ["name", "wOBA"], ["LIMIT", 1]]
  ↳ (eval):1:in `block (2 levels) in run_file'
  [1m[36mStatType Create (0.1ms)[0m  [1m[32mINSERT INTO "stat_types" ("name", "label", "category", "created_at", "updated_at") VALUES ($1, $2, $3, $4, $5) RETURNING "id"[0m  [["name", "wOBA"], ["label", "wOBA"], ["category", "batting"], ["created_at", "2026-06-06 06:28:18.178018"], ["updated_at", "2026-06-06 06:28:18.178018"]]
  ↳ (eval):1:in `block (2 levels) in run_file'
  [1m[36mStatType Load (0.1ms)[0m  [1m[34mSELECT "stat_types".* FROM "stat_types" WHERE "stat_types"."category" = $1 AND "stat_types"."name" = $2 LIMIT $3[0m  [["category", "batting"], ["name", "wRC+"], ["LIMIT", 1]]
  ↳ (eval):1:in `block (2 levels) in run_file'
  [1m[36mStatType Create (0.1ms)[0m  [1m[32mINSERT INTO "stat_types" ("name", "label", "category", "created_at", "updated_at") VALUES ($1, $2, $3, $4, $5) RETURNING "id"[0m  [["name", "wRC+"], ["label", "wRC+"], ["category", "batting"], ["created_at", "2026-06-06 06:28:18.178566"], ["updated_at", "2026-06-06 06:28:18.178566"]]
  ↳ (eval):1:in `block (2 levels) in run_file'
  [1m[36mStatType Load (0.0ms)[0m  [1m[34mSELECT "stat_types".* FROM "stat_types" WHERE "stat_types"."category" = $1 AND "stat_types"."name" = $2 LIMIT $3[0m  [["category", "batting"], ["name", "WAR"], ["LIMIT", 1]]
  ↳ (eval):1:in `block (2 levels) in run_file'
  [1m[36mStatType Create (0.1ms)[0m  [1m[32mINSERT INTO "stat_types" ("name", "label", "category", "created_at", "updated_at") VALUES ($1, $2, $3, $4, $5) RETURNING "id"[0m  [["name", "WAR"], ["label", "WAR"], ["category", "batting"], ["created_at", "2026-06-06 06:28:18.179176"], ["updated_at", "2026-06-06 06:28:18.179176"]]
  ↳ (eval):1:in `block (2 levels) in run_file'
  [1m[36mStatType Load (0.0ms)[0m  [1m[34mSELECT "stat_types".* FROM "stat_types" WHERE "stat_types"."category" = $1 AND "stat_types"."name" = $2 LIMIT $3[0m  [["category", "batting"], ["name", "BB%"], ["LIMIT", 1]]
  ↳ (eval):1:in `block (2 levels) in run_file'
  [1m[36mStatType Create (0.1ms)[0m  [1m[32mINSERT INTO "stat_types" ("name", "label", "category", "created_at", "updated_at") VALUES ($1, $2, $3, $4, $5) RETURNING "id"[0m  [["name", "BB%"], ["label", "BB%"], ["category", "batting"], ["created_at", "2026-06-06 06:28:18.179631"], ["updated_at", "2026-06-06 06:28:18.179631"]]
  ↳ (eval):1:in `block (2 levels) in run_file'
  [1m[36mStatType Load (0.0ms)[0m  [1m[34mSELECT "stat_types".* FROM "stat_types" WHERE "stat_types"."category" = $1 AND "stat_types"."name" = $2 LIMIT $3[0m  [["category", "batting"], ["name", "walksPerPlateAppearance"], ["LIMIT", 1]]
  ↳ (eval):1:in `block (2 levels) in run_file'
  [1m[36mStatType Create (0.1ms)[0m  [1m[32mINSERT INTO "stat_types" ("name", "label", "category", "created_at", "updated_at") VALUES ($1, $2, $3, $4, $5) RETURNING "id"[0m  [["name", "walksPerPlateAppearance"], ["label", "BB/PA"], ["category", "batting"], ["created_at", "2026-06-06 06:28:18.180239"], ["updated_at", "2026-06-06 06:28:18.180239"]]
  ↳ (eval):1:in `block (2 levels) in run_file'
  [1m[36mStatType Load (0.0ms)[0m  [1m[34mSELECT "stat_types".* FROM "stat_types" WHERE "stat_types"."category" = $1 AND "stat_types"."name" = $2 LIMIT $3[0m  [["category", "batting"], ["name", "K%"], ["LIMIT", 1]]
  ↳ (eval):1:in `block (2 levels) in run_file'
  [1m[36mStatType Create (0.2ms)[0m  [1m[32mINSERT INTO "stat_types" ("name", "label", "category", "created_at", "updated_at") VALUES ($1, $2, $3, $4, $5) RETURNING "id"[0m  [["name", "K%"], ["label", "K%"], ["category", "batting"], ["created_at", "2026-06-06 06:28:18.180695"], ["updated_at", "2026-06-06 06:28:18.180695"]]
  ↳ (eval):1:in `block (2 levels) in run_file'
  [1m[36mStatType Load (0.1ms)[0m  [1m[34mSELECT "stat_types".* FROM "stat_types" WHERE "stat_types"."category" = $1 AND "stat_types"."name" = $2 LIMIT $3[0m  [["category", "batting"], ["name", "BB/K"], ["LIMIT", 1]]
  ↳ (eval):1:in `block (2 levels) in run_file'
  [1m[36mStatType Create (0.1ms)[0m  [1m[32mINSERT INTO "stat_types" ("name", "label", "category", "created_at", "updated_at") VALUES ($1, $2, $3, $4, $5) RETURNING "id"[0m  [["name", "BB/K"], ["label", "BB/K"], ["category", "batting"], ["created_at", "2026-06-06 06:28:18.181315"], ["updated_at", "2026-06-06 06:28:18.181315"]]
  ↳ (eval):1:in `block (2 levels) in run_file'
  [1m[36mStatType Load (0.0ms)[0m  [1m[34mSELECT "stat_types".* FROM "stat_types" WHERE "stat_types"."category" = $1 AND "stat_types"."name" = $2 LIMIT $3[0m  [["category", "batting"], ["name", "walksPerStrikeout"], ["LIMIT", 1]]
  ↳ (eval):1:in `block (2 levels) in run_file'
  [1m[36mStatType Create (0.1ms)[0m  [1m[32mINSERT INTO "stat_types" ("name", "label", "category", "created_at", "updated_at") VALUES ($1, $2, $3, $4, $5) RETURNING "id"[0m  [["name", "walksPerStrikeout"], ["label", "BB/K"], ["category", "batting"], ["created_at", "2026-06-06 06:28:18.181827"], ["updated_at", "2026-06-06 06:28:18.181827"]]
  ↳ (eval):1:in `block (2 levels) in run_file'
  [1m[36mStatType Load (0.0ms)[0m  [1m[34mSELECT "stat_types".* FROM "stat_types" WHERE "stat_types"."category" = $1 AND "stat_types"."name" = $2 LIMIT $3[0m  [["category", "batting"], ["name", "ISO"], ["LIMIT", 1]]
  ↳ (eval):1:in `block (2 levels) in run_file'
  [1m[36mStatType Create (0.1ms)[0m  [1m[32mINSERT INTO "stat_types" ("name", "label", "category", "created_at", "updated_at") VALUES ($1, $2, $3, $4, $5) RETURNING "id"[0m  [["name", "ISO"], ["label", "ISO"], ["category", "batting"], ["created_at", "2026-06-06 06:28:18.182275"], ["updated_at", "2026-06-06 06:28:18.182275"]]
  ↳ (eval):1:in `block (2 levels) in run_file'
  [1m[36mStatType Load (0.0ms)[0m  [1m[34mSELECT "stat_types".* FROM "stat_types" WHERE "stat_types"."category" = $1 AND "stat_types"."name" = $2 LIMIT $3[0m  [["category", "batting"], ["name", "iso"], ["LIMIT", 1]]
  ↳ (eval):1:in `block (2 levels) in run_file'
  [1m[36mStatType Create (0.1ms)[0m  [1m[32mINSERT INTO "stat_types" ("name", "label", "category", "created_at", "updated_at") VALUES ($1, $2, $3, $4, $5) RETURNING "id"[0m  [["name", "iso"], ["label", "ISO"], ["category", "batting"], ["created_at", "2026-06-06 06:28:18.182717"], ["updated_at", "2026-06-06 06:28:18.182717"]]
  ↳ (eval):1:in `block (2 levels) in run_file'
  [1m[36mStatType Load (0.1ms)[0m  [1m[34mSELECT "stat_types".* FROM "stat_types" WHERE "stat_types"."category" = $1 AND "stat_types"."name" = $2 LIMIT $3[0m  [["category", "batting"], ["name", "Spd"], ["LIMIT", 1]]
  ↳ (eval):1:in `block (2 levels) in run_file'
  [1m[36mStatType Create (0.1ms)[0m  [1m[32mINSERT INTO "stat_types" ("name", "label", "category", "created_at", "updated_at") VALUES ($1, $2, $3, $4, $5) RETURNING "id"[0m  [["name", "Spd"], ["label", "Spd"], ["category", "batting"], ["created_at", "2026-06-06 06:28:18.183242"], ["updated_at", "2026-06-06 06:28:18.183242"]]
  ↳ (eval):1:in `block (2 levels) in run_file'
  [1m[36mStatType Load (0.1ms)[0m  [1m[34mSELECT "stat_types".* FROM "stat_types" WHERE "stat_types"."category" = $1 AND "stat_types"."name" = $2 LIMIT $3[0m  [["category", "batting"], ["name", "BABIP"], ["LIMIT", 1]]
  ↳ (eval):1:in `block (2 levels) in run_file'
  [1m[36mStatType Create (0.1ms)[0m  [1m[32mINSERT INTO "stat_types" ("name", "label", "category", "created_at", "updated_at") VALUES ($1, $2, $3, $4, $5) RETURNING "id"[0m  [["name", "BABIP"], ["label", "BABIP"], ["category", "batting"], ["created_at", "2026-06-06 06:28:18.183824"], ["updated_at", "2026-06-06 06:28:18.183824"]]
  ↳ (eval):1:in `block (2 levels) in run_file'
  [1m[36mStatType Load (0.1ms)[0m  [1m[34mSELECT "stat_types".* FROM "stat_types" WHERE "stat_types"."category" = $1 AND "stat_types"."name" = $2 LIMIT $3[0m  [["category", "batting"], ["name", "babip"], ["LIMIT", 1]]
  ↳ (eval):1:in `block (2 levels) in run_file'
  [1m[36mStatType Create (0.1ms)[0m  [1m[32mINSERT INTO "stat_types" ("name", "label", "category", "created_at", "updated_at") VALUES ($1, $2, $3, $4, $5) RETURNING "id"[0m  [["name", "babip"], ["label", "BABIP"], ["category", "batting"], ["created_at", "2026-06-06 06:28:18.184359"], ["updated_at", "2026-06-06 06:28:18.184359"]]
  ↳ (eval):1:in `block (2 levels) in run_file'
  [1m[36mStatType Load (0.1ms)[0m  [1m[34mSELECT "stat_types".* FROM "stat_types" WHERE "stat_types"."category" = $1 AND "stat_types"."name" = $2 LIMIT $3[0m  [["category", "batting"], ["name", "UBR"], ["LIMIT", 1]]
  ↳ (eval):1:in `block (2 levels) in run_file'
  [1m[36mStatType Create (0.1ms)[0m  [1m[32mINSERT INTO "stat_types" ("name", "label", "category", "created_at", "updated_at") VALUES ($1, $2, $3, $4, $5) RETURNING "id"[0m  [["name", "UBR"], ["label", "UBR"], ["category", "batting"], ["created_at", "2026-06-06 06:28:18.184940"], ["updated_at", "2026-06-06 06:28:18.184940"]]
  ↳ (eval):1:in `block (2 levels) in run_file'
  [1m[36mStatType Load (0.1ms)[0m  [1m[34mSELECT "stat_types".* FROM "stat_types" WHERE "stat_types"."category" = $1 AND "stat_types"."name" = $2 LIMIT $3[0m  [["category", "batting"], ["name", "wRC"], ["LIMIT", 1]]
  ↳ (eval):1:in `block (2 levels) in run_file'
  [1m[36mStatType Create (0.1ms)[0m  [1m[32mINSERT INTO "stat_types" ("name", "label", "category", "created_at", "updated_at") VALUES ($1, $2, $3, $4, $5) RETURNING "id"[0m  [["name", "wRC"], ["label", "wRC"], ["category", "batting"], ["created_at", "2026-06-06 06:28:18.185472"], ["updated_at", "2026-06-06 06:28:18.185472"]]
  ↳ (eval):1:in `block (2 levels) in run_file'
  [1m[36mStatType Load (0.1ms)[0m  [1m[34mSELECT "stat_types".* FROM "stat_types" WHERE "stat_types"."category" = $1 AND "stat_types"."name" = $2 LIMIT $3[0m  [["category", "batting"], ["name", "XBR"], ["LIMIT", 1]]
  ↳ (eval):1:in `block (2 levels) in run_file'
  [1m[36mStatType Create (0.1ms)[0m  [1m[32mINSERT INTO "stat_types" ("name", "label", "category", "created_at", "updated_at") VALUES ($1, $2, $3, $4, $5) RETURNING "id"[0m  [["name", "XBR"], ["label", "XBR"], ["category", "batting"], ["created_at", "2026-06-06 06:28:18.186053"], ["updated_at", "2026-06-06 06:28:18.186053"]]
  ↳ (eval):1:in `block (2 levels) in run_file'
  [1m[36mStatType Load (0.0ms)[0m  [1m[34mSELECT "stat_types".* FROM "stat_types" WHERE "stat_types"."category" = $1 AND "stat_types"."name" = $2 LIMIT $3[0m  [["category", "batting"], ["name", "wRAA"], ["LIMIT", 1]]
  ↳ (eval):1:in `block (2 levels) in run_file'
  [1m[36mStatType Create (0.1ms)[0m  [1m[32mINSERT INTO "stat_types" ("name", "label", "category", "created_at", "updated_at") VALUES ($1, $2, $3, $4, $5) RETURNING "id"[0m  [["name", "wRAA"], ["label", "wRAA"], ["category", "batting"], ["created_at", "2026-06-06 06:28:18.186544"], ["updated_at", "2026-06-06 06:28:18.186544"]]
  ↳ (eval):1:in `block (2 levels) in run_file'
  [1m[36mStatType Load (0.0ms)[0m  [1m[34mSELECT "stat_types".* FROM "stat_types" WHERE "stat_types"."category" = $1 AND "stat_types"."name" = $2 LIMIT $3[0m  [["category", "batting"], ["name", "BA"], ["LIMIT", 1]]
  ↳ (eval):1:in `block (2 levels) in run_file'
  [1m[36mStatType Create (0.1ms)[0m  [1m[32mINSERT INTO "stat_types" ("name", "label", "category", "created_at", "updated_at") VALUES ($1, $2, $3, $4, $5) RETURNING "id"[0m  [["name", "BA"], ["label", "BA"], ["category", "batting"], ["created_at", "2026-06-06 06:28:18.186981"], ["updated_at", "2026-06-06 06:28:18.186981"]]
  ↳ (eval):1:in `block (2 levels) in run_file'
  [1m[36mStatType Load (0.1ms)[0m  [1m[34mSELECT "stat_types".* FROM "stat_types" WHERE "stat_types"."category" = $1 AND "stat_types"."name" = $2 LIMIT $3[0m  [["category", "batting"], ["name", "TB"], ["LIMIT", 1]]
  ↳ (eval):1:in `block (2 levels) in run_file'
  [1m[36mStatType Create (0.1ms)[0m  [1m[32mINSERT INTO "stat_types" ("name", "label", "category", "created_at", "updated_at") VALUES ($1, $2, $3, $4, $5) RETURNING "id"[0m  [["name", "TB"], ["label", "TB"], ["category", "batting"], ["created_at", "2026-06-06 06:28:18.187602"], ["updated_at", "2026-06-06 06:28:18.187602"]]
  ↳ (eval):1:in `block (2 levels) in run_file'
  [1m[36mStatType Load (0.1ms)[0m  [1m[34mSELECT "stat_types".* FROM "stat_types" WHERE "stat_types"."category" = $1 AND "stat_types"."name" = $2 LIMIT $3[0m  [["category", "batting"], ["name", "ROE"], ["LIMIT", 1]]
  ↳ (eval):1:in `block (2 levels) in run_file'
  [1m[36mStatType Create (0.2ms)[0m  [1m[32mINSERT INTO "stat_types" ("name", "label", "category", "created_at", "updated_at") VALUES ($1, $2, $3, $4, $5) RETURNING "id"[0m  [["name", "ROE"], ["label", "ROE"], ["category", "batting"], ["created_at", "2026-06-06 06:28:18.188190"], ["updated_at", "2026-06-06 06:28:18.188190"]]
  ↳ (eval):1:in `block (2 levels) in run_file'
  [1m[36mStatType Load (0.0ms)[0m  [1m[34mSELECT "stat_types".* FROM "stat_types" WHERE "stat_types"."category" = $1 AND "stat_types"."name" = $2 LIMIT $3[0m  [["category", "batting"], ["name", "BAbip"], ["LIMIT", 1]]
  ↳ (eval):1:in `block (2 levels) in run_file'
  [1m[36mStatType Create (0.1ms)[0m  [1m[32mINSERT INTO "stat_types" ("name", "label", "category", "created_at", "updated_at") VALUES ($1, $2, $3, $4, $5) RETURNING "id"[0m  [["name", "BAbip"], ["label", "BAbip"], ["category", "batting"], ["created_at", "2026-06-06 06:28:18.188816"], ["updated_at", "2026-06-06 06:28:18.188816"]]
  ↳ (eval):1:in `block (2 levels) in run_file'
  [1m[36mStatType Load (0.0ms)[0m  [1m[34mSELECT "stat_types".* FROM "stat_types" WHERE "stat_types"."category" = $1 AND "stat_types"."name" = $2 LIMIT $3[0m  [["category", "batting"], ["name", "tOPS+"], ["LIMIT", 1]]
  ↳ (eval):1:in `block (2 levels) in run_file'
  [1m[36mStatType Create (0.1ms)[0m  [1m[32mINSERT INTO "stat_types" ("name", "label", "category", "created_at", "updated_at") VALUES ($1, $2, $3, $4, $5) RETURNING "id"[0m  [["name", "tOPS+"], ["label", "tOPS+"], ["category", "batting"], ["created_at", "2026-06-06 06:28:18.189354"], ["updated_at", "2026-06-06 06:28:18.189354"]]
  ↳ (eval):1:in `block (2 levels) in run_file'
  [1m[36mStatType Load (0.1ms)[0m  [1m[34mSELECT "stat_types".* FROM "stat_types" WHERE "stat_types"."category" = $1 AND "stat_types"."name" = $2 LIMIT $3[0m  [["category", "batting"], ["name", "sOPS+"], ["LIMIT", 1]]
  ↳ (eval):1:in `block (2 levels) in run_file'
  [1m[36mStatType Create (0.1ms)[0m  [1m[32mINSERT INTO "stat_types" ("name", "label", "category", "created_at", "updated_at") VALUES ($1, $2, $3, $4, $5) RETURNING "id"[0m  [["name", "sOPS+"], ["label", "sOPS+"], ["category", "batting"], ["created_at", "2026-06-06 06:28:18.189901"], ["updated_at", "2026-06-06 06:28:18.189901"]]
  ↳ (eval):1:in `block (2 levels) in run_file'
  [1m[36mStatType Load (0.0ms)[0m  [1m[34mSELECT "stat_types".* FROM "stat_types" WHERE "stat_types"."category" = $1 AND "stat_types"."name" = $2 LIMIT $3[0m  [["category", "batting"], ["name", "groundOuts"], ["LIMIT", 1]]
  ↳ (eval):1:in `block (2 levels) in run_file'
  [1m[36mStatType Create (0.1ms)[0m  [1m[32mINSERT INTO "stat_types" ("name", "label", "category", "created_at", "updated_at") VALUES ($1, $2, $3, $4, $5) RETURNING "id"[0m  [["name", "groundOuts"], ["label", "GO"], ["category", "batting"], ["created_at", "2026-06-06 06:28:18.190359"], ["updated_at", "2026-06-06 06:28:18.190359"]]
  ↳ (eval):1:in `block (2 levels) in run_file'
  [1m[36mStatType Load (0.0ms)[0m  [1m[34mSELECT "stat_types".* FROM "stat_types" WHERE "stat_types"."category" = $1 AND "stat_types"."name" = $2 LIMIT $3[0m  [["category", "batting"], ["name", "airOuts"], ["LIMIT", 1]]
  ↳ (eval):1:in `block (2 levels) in run_file'
  [1m[36mStatType Create (0.1ms)[0m  [1m[32mINSERT INTO "stat_types" ("name", "label", "category", "created_at", "updated_at") VALUES ($1, $2, $3, $4, $5) RETURNING "id"[0m  [["name", "airOuts"], ["label", "AO"], ["category", "batting"], ["created_at", "2026-06-06 06:28:18.190875"], ["updated_at", "2026-06-06 06:28:18.190875"]]
  ↳ (eval):1:in `block (2 levels) in run_file'
  [1m[36mStatType Load (0.0ms)[0m  [1m[34mSELECT "stat_types".* FROM "stat_types" WHERE "stat_types"."category" = $1 AND "stat_types"."name" = $2 LIMIT $3[0m  [["category", "batting"], ["name", "groundIntoTriplePlay"], ["LIMIT", 1]]
  ↳ (eval):1:in `block (2 levels) in run_file'
  [1m[36mStatType Create (0.1ms)[0m  [1m[32mINSERT INTO "stat_types" ("name", "label", "category", "created_at", "updated_at") VALUES ($1, $2, $3, $4, $5) RETURNING "id"[0m  [["name", "groundIntoTriplePlay"], ["label", "GITP"], ["category", "batting"], ["created_at", "2026-06-06 06:28:18.191343"], ["updated_at", "2026-06-06 06:28:18.191343"]]
  ↳ (eval):1:in `block (2 levels) in run_file'
  [1m[36mStatType Load (0.0ms)[0m  [1m[34mSELECT "stat_types".* FROM "stat_types" WHERE "stat_types"."category" = $1 AND "stat_types"."name" = $2 LIMIT $3[0m  [["category", "batting"], ["name", "numberOfPitches"], ["LIMIT", 1]]
  ↳ (eval):1:in `block (2 levels) in run_file'
  [1m[36mStatType Create (0.1ms)[0m  [1m[32mINSERT INTO "stat_types" ("name", "label", "category", "created_at", "updated_at") VALUES ($1, $2, $3, $4, $5) RETURNING "id"[0m  [["name", "numberOfPitches"], ["label", "P"], ["category", "batting"], ["created_at", "2026-06-06 06:28:18.191819"], ["updated_at", "2026-06-06 06:28:18.191819"]]
  ↳ (eval):1:in `block (2 levels) in run_file'
  [1m[36mStatType Load (0.0ms)[0m  [1m[34mSELECT "stat_types".* FROM "stat_types" WHERE "stat_types"."category" = $1 AND "stat_types"."name" = $2 LIMIT $3[0m  [["category", "batting"], ["name", "totalBases"], ["LIMIT", 1]]
  ↳ (eval):1:in `block (2 levels) in run_file'
  [1m[36mStatType Create (0.1ms)[0m  [1m[32mINSERT INTO "stat_types" ("name", "label", "category", "created_at", "updated_at") VALUES ($1, $2, $3, $4, $5) RETURNING "id"[0m  [["name", "totalBases"], ["label", "TB"], ["category", "batting"], ["created_at", "2026-06-06 06:28:18.192323"], ["updated_at", "2026-06-06 06:28:18.192323"]]
  ↳ (eval):1:in `block (2 levels) in run_file'
  [1m[36mStatType Load (0.0ms)[0m  [1m[34mSELECT "stat_types".* FROM "stat_types" WHERE "stat_types"."category" = $1 AND "stat_types"."name" = $2 LIMIT $3[0m  [["category", "batting"], ["name", "leftOnBase"], ["LIMIT", 1]]
  ↳ (eval):1:in `block (2 levels) in run_file'
  [1m[36mStatType Create (0.1ms)[0m  [1m[32mINSERT INTO "stat_types" ("name", "label", "category", "created_at", "updated_at") VALUES ($1, $2, $3, $4, $5) RETURNING "id"[0m  [["name", "leftOnBase"], ["label", "LOB"], ["category", "batting"], ["created_at", "2026-06-06 06:28:18.192780"], ["updated_at", "2026-06-06 06:28:18.192780"]]
  ↳ (eval):1:in `block (2 levels) in run_file'
  [1m[36mStatType Load (0.0ms)[0m  [1m[34mSELECT "stat_types".* FROM "stat_types" WHERE "stat_types"."category" = $1 AND "stat_types"."name" = $2 LIMIT $3[0m  [["category", "batting"], ["name", "groundOutsToAirouts"], ["LIMIT", 1]]
  ↳ (eval):1:in `block (2 levels) in run_file'
  [1m[36mStatType Create (0.1ms)[0m  [1m[32mINSERT INTO "stat_types" ("name", "label", "category", "created_at", "updated_at") VALUES ($1, $2, $3, $4, $5) RETURNING "id"[0m  [["name", "groundOutsToAirouts"], ["label", "GO/AO"], ["category", "batting"], ["created_at", "2026-06-06 06:28:18.193236"], ["updated_at", "2026-06-06 06:28:18.193236"]]
  ↳ (eval):1:in `block (2 levels) in run_file'
  [1m[36mStatType Load (0.0ms)[0m  [1m[34mSELECT "stat_types".* FROM "stat_types" WHERE "stat_types"."category" = $1 AND "stat_types"."name" = $2 LIMIT $3[0m  [["category", "batting"], ["name", "catchersInterference"], ["LIMIT", 1]]
  ↳ (eval):1:in `block (2 levels) in run_file'
  [1m[36mStatType Create (0.1ms)[0m  [1m[32mINSERT INTO "stat_types" ("name", "label", "category", "created_at", "updated_at") VALUES ($1, $2, $3, $4, $5) RETURNING "id"[0m  [["name", "catchersInterference"], ["label", "CI"], ["category", "batting"], ["created_at", "2026-06-06 06:28:18.193745"], ["updated_at", "2026-06-06 06:28:18.193745"]]
  ↳ (eval):1:in `block (2 levels) in run_file'
  [1m[36mStatType Load (0.0ms)[0m  [1m[34mSELECT "stat_types".* FROM "stat_types" WHERE "stat_types"."category" = $1 AND "stat_types"."name" = $2 LIMIT $3[0m  [["category", "batting"], ["name", "atBatsPerHomeRun"], ["LIMIT", 1]]
  ↳ (eval):1:in `block (2 levels) in run_file'
  [1m[36mStatType Create (0.1ms)[0m  [1m[32mINSERT INTO "stat_types" ("name", "label", "category", "created_at", "updated_at") VALUES ($1, $2, $3, $4, $5) RETURNING "id"[0m  [["name", "atBatsPerHomeRun"], ["label", "AB/HR"], ["category", "batting"], ["created_at", "2026-06-06 06:28:18.194200"], ["updated_at", "2026-06-06 06:28:18.194200"]]
  ↳ (eval):1:in `block (2 levels) in run_file'
  [1m[36mStatType Load (0.0ms)[0m  [1m[34mSELECT "stat_types".* FROM "stat_types" WHERE "stat_types"."category" = $1 AND "stat_types"."name" = $2 LIMIT $3[0m  [["category", "pitchStats"], ["name", "pitch"], ["LIMIT", 1]]
  ↳ (eval):1:in `block (2 levels) in run_file'
  [1m[36mStatType Create (0.1ms)[0m  [1m[32mINSERT INTO "stat_types" ("name", "label", "category", "created_at", "updated_at") VALUES ($1, $2, $3, $4, $5) RETURNING "id"[0m  [["name", "pitch"], ["label", "Count"], ["category", "pitchStats"], ["created_at", "2026-06-06 06:28:18.194683"], ["updated_at", "2026-06-06 06:28:18.194683"]]
  ↳ (eval):1:in `block (2 levels) in run_file'
  [1m[36mStatType Load (0.0ms)[0m  [1m[34mSELECT "stat_types".* FROM "stat_types" WHERE "stat_types"."category" = $1 AND "stat_types"."name" = $2 LIMIT $3[0m  [["category", "pitchStats"], ["name", "release_speed"], ["LIMIT", 1]]
  ↳ (eval):1:in `block (2 levels) in run_file'
  [1m[36mStatType Create (0.1ms)[0m  [1m[32mINSERT INTO "stat_types" ("name", "label", "category", "created_at", "updated_at") VALUES ($1, $2, $3, $4, $5) RETURNING "id"[0m  [["name", "release_speed"], ["label", "Velocity"], ["category", "pitchStats"], ["created_at", "2026-06-06 06:28:18.195234"], ["updated_at", "2026-06-06 06:28:18.195234"]]
  ↳ (eval):1:in `block (2 levels) in run_file'
  [1m[36mStatType Load (0.0ms)[0m  [1m[34mSELECT "stat_types".* FROM "stat_types" WHERE "stat_types"."category" = $1 AND "stat_types"."name" = $2 LIMIT $3[0m  [["category", "pitchStats"], ["name", "velocity"], ["LIMIT", 1]]
  ↳ (eval):1:in `block (2 levels) in run_file'
  [1m[36mStatType Create (0.1ms)[0m  [1m[32mINSERT INTO "stat_types" ("name", "label", "category", "created_at", "updated_at") VALUES ($1, $2, $3, $4, $5) RETURNING "id"[0m  [["name", "velocity"], ["label", "Velocity"], ["category", "pitchStats"], ["created_at", "2026-06-06 06:28:18.195704"], ["updated_at", "2026-06-06 06:28:18.195704"]]
  ↳ (eval):1:in `block (2 levels) in run_file'
  [1m[36mStatType Load (0.0ms)[0m  [1m[34mSELECT "stat_types".* FROM "stat_types" WHERE "stat_types"."category" = $1 AND "stat_types"."name" = $2 LIMIT $3[0m  [["category", "pitchStats"], ["name", "pfx_z"], ["LIMIT", 1]]
  ↳ (eval):1:in `block (2 levels) in run_file'
  [1m[36mStatType Create (0.1ms)[0m  [1m[32mINSERT INTO "stat_types" ("name", "label", "category", "created_at", "updated_at") VALUES ($1, $2, $3, $4, $5) RETURNING "id"[0m  [["name", "pfx_z"], ["label", "iVB"], ["category", "pitchStats"], ["created_at", "2026-06-06 06:28:18.196159"], ["updated_at", "2026-06-06 06:28:18.196159"]]
  ↳ (eval):1:in `block (2 levels) in run_file'
  [1m[36mStatType Load (0.1ms)[0m  [1m[34mSELECT "stat_types".* FROM "stat_types" WHERE "stat_types"."category" = $1 AND "stat_types"."name" = $2 LIMIT $3[0m  [["category", "pitchStats"], ["name", "pfx_x"], ["LIMIT", 1]]
  ↳ (eval):1:in `block (2 levels) in run_file'
  [1m[36mStatType Create (0.1ms)[0m  [1m[32mINSERT INTO "stat_types" ("name", "label", "category", "created_at", "updated_at") VALUES ($1, $2, $3, $4, $5) RETURNING "id"[0m  [["name", "pfx_x"], ["label", "HB"], ["category", "pitchStats"], ["created_at", "2026-06-06 06:28:18.196676"], ["updated_at", "2026-06-06 06:28:18.196676"]]
  ↳ (eval):1:in `block (2 levels) in run_file'
  [1m[36mStatType Load (0.0ms)[0m  [1m[34mSELECT "stat_types".* FROM "stat_types" WHERE "stat_types"."category" = $1 AND "stat_types"."name" = $2 LIMIT $3[0m  [["category", "pitchStats"], ["name", "release_spin_rate"], ["LIMIT", 1]]
  ↳ (eval):1:in `block (2 levels) in run_file'
  [1m[36mStatType Create (0.1ms)[0m  [1m[32mINSERT INTO "stat_types" ("name", "label", "category", "created_at", "updated_at") VALUES ($1, $2, $3, $4, $5) RETURNING "id"[0m  [["name", "release_spin_rate"], ["label", "Spin"], ["category", "pitchStats"], ["created_at", "2026-06-06 06:28:18.197230"], ["updated_at", "2026-06-06 06:28:18.197230"]]
  ↳ (eval):1:in `block (2 levels) in run_file'
  [1m[36mStatType Load (0.0ms)[0m  [1m[34mSELECT "stat_types".* FROM "stat_types" WHERE "stat_types"."category" = $1 AND "stat_types"."name" = $2 LIMIT $3[0m  [["category", "pitchStats"], ["name", "release_pos_x"], ["LIMIT", 1]]
  ↳ (eval):1:in `block (2 levels) in run_file'
  [1m[36mStatType Create (0.1ms)[0m  [1m[32mINSERT INTO "stat_types" ("name", "label", "category", "created_at", "updated_at") VALUES ($1, $2, $3, $4, $5) RETURNING "id"[0m  [["name", "release_pos_x"], ["label", "hRel"], ["category", "pitchStats"], ["created_at", "2026-06-06 06:28:18.197701"], ["updated_at", "2026-06-06 06:28:18.197701"]]
  ↳ (eval):1:in `block (2 levels) in run_file'
  [1m[36mStatType Load (0.0ms)[0m  [1m[34mSELECT "stat_types".* FROM "stat_types" WHERE "stat_types"."category" = $1 AND "stat_types"."name" = $2 LIMIT $3[0m  [["category", "pitchStats"], ["name", "release_pos_z"], ["LIMIT", 1]]
  ↳ (eval):1:in `block (2 levels) in run_file'
  [1m[36mStatType Create (0.1ms)[0m  [1m[32mINSERT INTO "stat_types" ("name", "label", "category", "created_at", "updated_at") VALUES ($1, $2, $3, $4, $5) RETURNING "id"[0m  [["name", "release_pos_z"], ["label", "vRel"], ["category", "pitchStats"], ["created_at", "2026-06-06 06:28:18.198196"], ["updated_at", "2026-06-06 06:28:18.198196"]]
  ↳ (eval):1:in `block (2 levels) in run_file'
  [1m[36mStatType Load (0.0ms)[0m  [1m[34mSELECT "stat_types".* FROM "stat_types" WHERE "stat_types"."category" = $1 AND "stat_types"."name" = $2 LIMIT $3[0m  [["category", "pitchStats"], ["name", "release_extension"], ["LIMIT", 1]]
  ↳ (eval):1:in `block (2 levels) in run_file'
  [1m[36mStatType Create (0.1ms)[0m  [1m[32mINSERT INTO "stat_types" ("name", "label", "category", "created_at", "updated_at") VALUES ($1, $2, $3, $4, $5) RETURNING "id"[0m  [["name", "release_extension"], ["label", "Ext."], ["category", "pitchStats"], ["created_at", "2026-06-06 06:28:18.198668"], ["updated_at", "2026-06-06 06:28:18.198668"]]
  ↳ (eval):1:in `block (2 levels) in run_file'
  [1m[36mStatType Load (0.0ms)[0m  [1m[34mSELECT "stat_types".* FROM "stat_types" WHERE "stat_types"."category" = $1 AND "stat_types"."name" = $2 LIMIT $3[0m  [["category", "pitchStats"], ["name", "xwoba"], ["LIMIT", 1]]
  ↳ (eval):1:in `block (2 levels) in run_file'
  [1m[36mStatType Create (0.1ms)[0m  [1m[32mINSERT INTO "stat_types" ("name", "label", "category", "created_at", "updated_at") VALUES ($1, $2, $3, $4, $5) RETURNING "id"[0m  [["name", "xwoba"], ["label", "xwOBA"], ["category", "pitchStats"], ["created_at", "2026-06-06 06:28:18.199581"], ["updated_at", "2026-06-06 06:28:18.199581"]]
  ↳ (eval):1:in `block (2 levels) in run_file'
  [1m[36mStatType Load (0.0ms)[0m  [1m[34mSELECT "stat_types".* FROM "stat_types" WHERE "stat_types"."category" = $1 AND "stat_types"."name" = $2 LIMIT $3[0m  [["category", "pitchStats"], ["name", "pitch_usage"], ["LIMIT", 1]]
  ↳ (eval):1:in `block (2 levels) in run_file'
  [1m[36mStatType Create (0.1ms)[0m  [1m[32mINSERT INTO "stat_types" ("name", "label", "category", "created_at", "updated_at") VALUES ($1, $2, $3, $4, $5) RETURNING "id"[0m  [["name", "pitch_usage"], ["label", "Pitch%"], ["category", "pitchStats"], ["created_at", "2026-06-06 06:28:18.200050"], ["updated_at", "2026-06-06 06:28:18.200050"]]
  ↳ (eval):1:in `block (2 levels) in run_file'
  [1m[36mStatType Load (0.0ms)[0m  [1m[34mSELECT "stat_types".* FROM "stat_types" WHERE "stat_types"."category" = $1 AND "stat_types"."name" = $2 LIMIT $3[0m  [["category", "pitchStats"], ["name", "whiff_rate"], ["LIMIT", 1]]
  ↳ (eval):1:in `block (2 levels) in run_file'
  [1m[36mStatType Create (0.1ms)[0m  [1m[32mINSERT INTO "stat_types" ("name", "label", "category", "created_at", "updated_at") VALUES ($1, $2, $3, $4, $5) RETURNING "id"[0m  [["name", "whiff_rate"], ["label", "Whiff%"], ["category", "pitchStats"], ["created_at", "2026-06-06 06:28:18.200523"], ["updated_at", "2026-06-06 06:28:18.200523"]]
  ↳ (eval):1:in `block (2 levels) in run_file'
  [1m[36mStatType Load (0.1ms)[0m  [1m[34mSELECT "stat_types".* FROM "stat_types" WHERE "stat_types"."category" = $1 AND "stat_types"."name" = $2 LIMIT $3[0m  [["category", "pitchStats"], ["name", "in_zone_rate"], ["LIMIT", 1]]
  ↳ (eval):1:in `block (2 levels) in run_file'
  [1m[36mStatType Create (0.1ms)[0m  [1m[32mINSERT INTO "stat_types" ("name", "label", "category", "created_at", "updated_at") VALUES ($1, $2, $3, $4, $5) RETURNING "id"[0m  [["name", "in_zone_rate"], ["label", "Zone%"], ["category", "pitchStats"], ["created_at", "2026-06-06 06:28:18.201238"], ["updated_at", "2026-06-06 06:28:18.201238"]]
  ↳ (eval):1:in `block (2 levels) in run_file'
  [1m[36mStatType Load (0.1ms)[0m  [1m[34mSELECT "stat_types".* FROM "stat_types" WHERE "stat_types"."category" = $1 AND "stat_types"."name" = $2 LIMIT $3[0m  [["category", "pitchStats"], ["name", "chase_rate"], ["LIMIT", 1]]
  ↳ (eval):1:in `block (2 levels) in run_file'
  [1m[36mStatType Create (0.1ms)[0m  [1m[32mINSERT INTO "stat_types" ("name", "label", "category", "created_at", "updated_at") VALUES ($1, $2, $3, $4, $5) RETURNING "id"[0m  [["name", "chase_rate"], ["label", "Chase%"], ["category", "pitchStats"], ["created_at", "2026-06-06 06:28:18.201794"], ["updated_at", "2026-06-06 06:28:18.201794"]]
  ↳ (eval):1:in `block (2 levels) in run_file'
  [1m[36mStatType Load (0.1ms)[0m  [1m[34mSELECT "stat_types".* FROM "stat_types" WHERE "stat_types"."category" = $1 AND "stat_types"."name" = $2 LIMIT $3[0m  [["category", "pitchStats"], ["name", "delta_run_exp_per_100"], ["LIMIT", 1]]
  ↳ (eval):1:in `block (2 levels) in run_file'
  [1m[36mStatType Create (0.1ms)[0m  [1m[32mINSERT INTO "stat_types" ("name", "label", "category", "created_at", "updated_at") VALUES ($1, $2, $3, $4, $5) RETURNING "id"[0m  [["name", "delta_run_exp_per_100"], ["label", "RV/100"], ["category", "pitchStats"], ["created_at", "2026-06-06 06:28:18.202482"], ["updated_at", "2026-06-06 06:28:18.202482"]]
  ↳ (eval):1:in `block (2 levels) in run_file'
  [1m[35m (0.6ms)[0m  [1m[34m              SELECT setval('public.stat_types_id_seq', (SELECT GREATEST(MAX("id")+(SELECT seqincrement FROM pg_sequence WHERE seqrelid = 'public.stat_types_id_seq'::regclass), (SELECT seqmin FROM pg_sequence WHERE seqrelid = 'public.stat_types_id_seq'::regclass)) FROM "stat_types"), false)
[0m
  ↳ (eval):1:in `block (2 levels) in run_file'
  [1m[36mTRANSACTION (2.6ms)[0m  [1m[35mCOMMIT[0m
[ActionDispatch::HostAuthorization::DefaultResponseApp] Blocked hosts: www.example.com
[ActionDispatch::HostAuthorization::DefaultResponseApp] Blocked hosts: www.example.com
